datetime,aod_longitude,aod_latitude,station_longitude,station_latitude,AOD,tempmax,tempmin,temp,feelslikemax,feelslikemin,feelslike,dew,humidity,precip,precipcover,windgust,windspeed,winddir,sealevelpressure,cloudcover,visibility,solarradiation,solarenergy,uvindex
2025-05-29,106.5999984741211,-6.099998474121094,106.8279877,-6.1811056,1.138800024986267,34.1,26.0,29.5,39.4,26.0,33.9,24.1,74.0,2.2,37.5,15.8,17.6,29.5,,43.4,12.4,231.0,20.0,9.0
2025-05-29,106.5999984741211,-6.099998474121094,106.79319751533286,-6.236658728205383,1.138800024986267,34.1,26.0,29.5,39.4,26.0,33.9,24.1,73.9,2.2,37.5,15.8,17.6,30.0,,43.4,12.4,231.0,20.0,9.0
2025-05-29,106.5999984741211,-6.099998474121094,106.803,-6.2155,1.138800024986267,34.1,26.0,29.5,39.4,26.0,33.9,24.1,74.0,2.2,37.5,15.8,17.6,29.8,,43.4,12.4,231.0,20.0,9.0
2025-05-29,106.5999984741211,-6.099998474121094,106.8235,-6.19466,1.138800024986267,34.1,26.0,29.5,39.4,26.0,33.9,24.1,73.9,2.2,37.5,15.8,17.6,30.3,,43.4,12.3,231.0,20.0,9.0
2025-05-29,106.5999984741211,-6.099998474121094,106.910887,-6.1535777,1.138800024986267,34.1,26.0,29.4,39.3,26.0,33.8,24.3,75.4,4.4,41.67,13.3,18.0,55.9,,45.6,11.6,239.5,20.7,8.0
2025-05-29,106.5999984741211,-6.099998474121094,106.80367,-6.35693,1.138800024986267,34.1,26.0,29.5,39.3,26.0,33.9,24.1,73.8,2.2,37.5,15.8,17.6,31.5,,43.4,12.3,231.0,20.0,9.0
2025-05-29,106.5999984741211,-6.099998474121094,106.90919,-6.28889,1.138800024986267,34.1,26.0,29.4,39.1,26.0,33.8,24.3,75.1,4.4,41.67,13.3,18.0,59.3,,45.8,11.5,239.5,20.7,8.0
2025-05-29,106.5999984741211,-6.099998474121094,106.7525,-6.20737,1.138800024986267,34.1,26.0,29.4,39.8,26.0,33.9,24.2,74.7,2.2,37.5,15.8,17.6,23.3,,43.0,12.5,231.0,20.0,9.0
2025-05-29,106.6500015258789,-6.099998474121094,106.8279877,-6.1811056,0.9383999705314636,34.1,26.0,29.5,39.4,26.0,33.9,24.1,74.0,2.2,37.5,15.8,17.6,29.5,,43.4,12.4,231.0,20.0,9.0
2025-05-29,106.6500015258789,-6.099998474121094,106.79319751533286,-6.236658728205383,0.9383999705314636,34.1,26.0,29.5,39.4,26.0,33.9,24.1,73.9,2.2,37.5,15.8,17.6,30.0,,43.4,12.4,231.0,20.0,9.0
2025-05-29,106.6500015258789,-6.099998474121094,106.803,-6.2155,0.9383999705314636,34.1,26.0,29.5,39.4,26.0,33.9,24.1,74.0,2.2,37.5,15.8,17.6,29.8,,43.4,12.4,231.0,20.0,9.0
2025-05-29,106.6500015258789,-6.099998474121094,106.8235,-6.19466,0.9383999705314636,34.1,26.0,29.5,39.4,26.0,33.9,24.1,73.9,2.2,37.5,15.8,17.6,30.3,,43.4,12.3,231.0,20.0,9.0
2025-05-29,106.6500015258789,-6.099998474121094,106.910887,-6.1535777,0.9383999705314636,34.1,26.0,29.4,39.3,26.0,33.8,24.3,75.4,4.4,41.67,13.3,18.0,55.9,,45.6,11.6,239.5,20.7,8.0
2025-05-29,106.6500015258789,-6.099998474121094,106.80367,-6.35693,0.9383999705314636,34.1,26.0,29.5,39.3,26.0,33.9,24.1,73.8,2.2,37.5,15.8,17.6,31.5,,43.4,12.3,231.0,20.0,9.0
2025-05-29,106.6500015258789,-6.099998474121094,106.90919,-6.28889,0.9383999705314636,34.1,26.0,29.4,39.1,26.0,33.8,24.3,75.1,4.4,41.67,13.3,18.0,59.3,,45.8,11.5,239.5,20.7,8.0
2025-05-29,106.6500015258789,-6.099998474121094,106.7525,-6.20737,0.9383999705314636,34.1,26.0,29.4,39.8,26.0,33.9,24.2,74.7,2.2,37.5,15.8,17.6,23.3,,43.0,12.5,231.0,20.0,9.0
2025-05-29,106.69999694824219,-6.099998474121094,106.8279877,-6.1811056,0.6125999689102173,34.1,26.0,29.5,39.4,26.0,33.9,24.1,74.0,2.2,37.5,15.8,17.6,29.5,,43.4,12.4,231.0,20.0,9.0
2025-05-29,106.69999694824219,-6.099998474121094,106.79319751533286,-6.236658728205383,0.6125999689102173,34.1,26.0,29.5,39.4,26.0,33.9,24.1,73.9,2.2,37.5,15.8,17.6,30.0,,43.4,12.4,231.0,20.0,9.0
2025-05-29,106.69999694824219,-6.099998474121094,106.803,-6.2155,0.6125999689102173,34.1,26.0,29.5,39.4,26.0,33.9,24.1,74.0,2.2,37.5,15.8,17.6,29.8,,43.4,12.4,231.0,20.0,9.0
2025-05-29,106.69999694824219,-6.099998474121094,106.8235,-6.19466,0.6125999689102173,34.1,26.0,29.5,39.4,26.0,33.9,24.1,73.9,2.2,37.5,15.8,17.6,30.3,,43.4,12.3,231.0,20.0,9.0
2025-05-29,106.69999694824219,-6.099998474121094,106.910887,-6.1535777,0.6125999689102173,34.1,26.0,29.4,39.3,26.0,33.8,24.3,75.4,4.4,41.67,13.3,18.0,55.9,,45.6,11.6,239.5,20.7,8.0
2025-05-29,106.69999694824219,-6.099998474121094,106.80367,-6.35693,0.6125999689102173,34.1,26.0,29.5,39.3,26.0,33.9,24.1,73.8,2.2,37.5,15.8,17.6,31.5,,43.4,12.3,231.0,20.0,9.0
2025-05-29,106.69999694824219,-6.099998474121094,106.90919,-6.28889,0.6125999689102173,34.1,26.0,29.4,39.1,26.0,33.8,24.3,75.1,4.4,41.67,13.3,18.0,59.3,,45.8,11.5,239.5,20.7,8.0
2025-05-29,106.69999694824219,-6.099998474121094,106.7525,-6.20737,0.6125999689102173,34.1,26.0,29.4,39.8,26.0,33.9,24.2,74.7,2.2,37.5,15.8,17.6,23.3,,43.0,12.5,231.0,20.0,9.0
2025-05-29,106.75,-6.099998474121094,106.8279877,-6.1811056,0.4772000014781952,34.1,26.0,29.5,39.4,26.0,33.9,24.1,74.0,2.2,37.5,15.8,17.6,29.5,,43.4,12.4,231.0,20.0,9.0
2025-05-29,106.75,-6.099998474121094,106.79319751533286,-6.236658728205383,0.4772000014781952,34.1,26.0,29.5,39.4,26.0,33.9,24.1,73.9,2.2,37.5,15.8,17.6,30.0,,43.4,12.4,231.0,20.0,9.0
2025-05-29,106.75,-6.099998474121094,106.803,-6.2155,0.4772000014781952,34.1,26.0,29.5,39.4,26.0,33.9,24.1,74.0,2.2,37.5,15.8,17.6,29.8,,43.4,12.4,231.0,20.0,9.0
2025-05-29,106.75,-6.099998474121094,106.8235,-6.19466,0.4772000014781952,34.1,26.0,29.5,39.4,26.0,33.9,24.1,73.9,2.2,37.5,15.8,17.6,30.3,,43.4,12.3,231.0,20.0,9.0
2025-05-29,106.75,-6.099998474121094,106.910887,-6.1535777,0.4772000014781952,34.1,26.0,29.4,39.3,26.0,33.8,24.3,75.4,4.4,41.67,13.3,18.0,55.9,,45.6,11.6,239.5,20.7,8.0
2025-05-29,106.75,-6.099998474121094,106.80367,-6.35693,0.4772000014781952,34.1,26.0,29.5,39.3,26.0,33.9,24.1,73.8,2.2,37.5,15.8,17.6,31.5,,43.4,12.3,231.0,20.0,9.0
2025-05-29,106.75,-6.099998474121094,106.90919,-6.28889,0.4772000014781952,34.1,26.0,29.4,39.1,26.0,33.8,24.3,75.1,4.4,41.67,13.3,18.0,59.3,,45.8,11.5,239.5,20.7,8.0
2025-05-29,106.75,-6.099998474121094,106.7525,-6.20737,0.4772000014781952,34.1,26.0,29.4,39.8,26.0,33.9,24.2,74.7,2.2,37.5,15.8,17.6,23.3,,43.0,12.5,231.0,20.0,9.0
2025-05-29,106.80000305175781,-6.099998474121094,106.8279877,-6.1811056,0.09299999475479126,34.1,26.0,29.5,39.4,26.0,33.9,24.1,74.0,2.2,37.5,15.8,17.6,29.5,,43.4,12.4,231.0,20.0,9.0
2025-05-29,106.80000305175781,-6.099998474121094,106.79319751533286,-6.236658728205383,0.09299999475479126,34.1,26.0,29.5,39.4,26.0,33.9,24.1,73.9,2.2,37.5,15.8,17.6,30.0,,43.4,12.4,231.0,20.0,9.0
2025-05-29,106.80000305175781,-6.099998474121094,106.803,-6.2155,0.09299999475479126,34.1,26.0,29.5,39.4,26.0,33.9,24.1,74.0,2.2,37.5,15.8,17.6,29.8,,43.4,12.4,231.0,20.0,9.0
2025-05-29,106.80000305175781,-6.099998474121094,106.8235,-6.19466,0.09299999475479126,34.1,26.0,29.5,39.4,26.0,33.9,24.1,73.9,2.2,37.5,15.8,17.6,30.3,,43.4,12.3,231.0,20.0,9.0
2025-05-29,106.80000305175781,-6.099998474121094,106.910887,-6.1535777,0.09299999475479126,34.1,26.0,29.4,39.3,26.0,33.8,24.3,75.4,4.4,41.67,13.3,18.0,55.9,,45.6,11.6,239.5,20.7,8.0
2025-05-29,106.80000305175781,-6.099998474121094,106.80367,-6.35693,0.09299999475479126,34.1,26.0,29.5,39.3,26.0,33.9,24.1,73.8,2.2,37.5,15.8,17.6,31.5,,43.4,12.3,231.0,20.0,9.0
2025-05-29,106.80000305175781,-6.099998474121094,106.90919,-6.28889,0.09299999475479126,34.1,26.0,29.4,39.1,26.0,33.8,24.3,75.1,4.4,41.67,13.3,18.0,59.3,,45.8,11.5,239.5,20.7,8.0
2025-05-29,106.80000305175781,-6.099998474121094,106.7525,-6.20737,0.09299999475479126,34.1,26.0,29.4,39.8,26.0,33.9,24.2,74.7,2.2,37.5,15.8,17.6,23.3,,43.0,12.5,231.0,20.0,9.0
2025-05-29,106.8499984741211,-6.099998474121094,106.8279877,-6.1811056,1.284600019454956,34.1,26.0,29.5,39.4,26.0,33.9,24.1,74.0,2.2,37.5,15.8,17.6,29.5,,43.4,12.4,231.0,20.0,9.0
2025-05-29,106.8499984741211,-6.099998474121094,106.79319751533286,-6.236658728205383,1.284600019454956,34.1,26.0,29.5,39.4,26.0,33.9,24.1,73.9,2.2,37.5,15.8,17.6,30.0,,43.4,12.4,231.0,20.0,9.0
2025-05-29,106.8499984741211,-6.099998474121094,106.803,-6.2155,1.284600019454956,34.1,26.0,29.5,39.4,26.0,33.9,24.1,74.0,2.2,37.5,15.8,17.6,29.8,,43.4,12.4,231.0,20.0,9.0
2025-05-29,106.8499984741211,-6.099998474121094,106.8235,-6.19466,1.284600019454956,34.1,26.0,29.5,39.4,26.0,33.9,24.1,73.9,2.2,37.5,15.8,17.6,30.3,,43.4,12.3,231.0,20.0,9.0
2025-05-29,106.8499984741211,-6.099998474121094,106.910887,-6.1535777,1.284600019454956,34.1,26.0,29.4,39.3,26.0,33.8,24.3,75.4,4.4,41.67,13.3,18.0,55.9,,45.6,11.6,239.5,20.7,8.0
2025-05-29,106.8499984741211,-6.099998474121094,106.80367,-6.35693,1.284600019454956,34.1,26.0,29.5,39.3,26.0,33.9,24.1,73.8,2.2,37.5,15.8,17.6,31.5,,43.4,12.3,231.0,20.0,9.0
2025-05-29,106.8499984741211,-6.099998474121094,106.90919,-6.28889,1.284600019454956,34.1,26.0,29.4,39.1,26.0,33.8,24.3,75.1,4.4,41.67,13.3,18.0,59.3,,45.8,11.5,239.5,20.7,8.0
2025-05-29,106.8499984741211,-6.099998474121094,106.7525,-6.20737,1.284600019454956,34.1,26.0,29.4,39.8,26.0,33.9,24.2,74.7,2.2,37.5,15.8,17.6,23.3,,43.0,12.5,231.0,20.0,9.0
2025-05-29,106.9000015258789,-6.099998474121094,106.8279877,-6.1811056,0.751800000667572,34.1,26.0,29.5,39.4,26.0,33.9,24.1,74.0,2.2,37.5,15.8,17.6,29.5,,43.4,12.4,231.0,20.0,9.0
2025-05-29,106.9000015258789,-6.099998474121094,106.79319751533286,-6.236658728205383,0.751800000667572,34.1,26.0,29.5,39.4,26.0,33.9,24.1,73.9,2.2,37.5,15.8,17.6,30.0,,43.4,12.4,231.0,20.0,9.0
2025-05-29,106.9000015258789,-6.099998474121094,106.803,-6.2155,0.751800000667572,34.1,26.0,29.5,39.4,26.0,33.9,24.1,74.0,2.2,37.5,15.8,17.6,29.8,,43.4,12.4,231.0,20.0,9.0
2025-05-29,106.9000015258789,-6.099998474121094,106.8235,-6.19466,0.751800000667572,34.1,26.0,29.5,39.4,26.0,33.9,24.1,73.9,2.2,37.5,15.8,17.6,30.3,,43.4,12.3,231.0,20.0,9.0
2025-05-29,106.9000015258789,-6.099998474121094,106.910887,-6.1535777,0.751800000667572,34.1,26.0,29.4,39.3,26.0,33.8,24.3,75.4,4.4,41.67,13.3,18.0,55.9,,45.6,11.6,239.5,20.7,8.0
2025-05-29,106.9000015258789,-6.099998474121094,106.80367,-6.35693,0.751800000667572,34.1,26.0,29.5,39.3,26.0,33.9,24.1,73.8,2.2,37.5,15.8,17.6,31.5,,43.4,12.3,231.0,20.0,9.0
2025-05-29,106.9000015258789,-6.099998474121094,106.90919,-6.28889,0.751800000667572,34.1,26.0,29.4,39.1,26.0,33.8,24.3,75.1,4.4,41.67,13.3,18.0,59.3,,45.8,11.5,239.5,20.7,8.0
2025-05-29,106.9000015258789,-6.099998474121094,106.7525,-6.20737,0.751800000667572,34.1,26.0,29.4,39.8,26.0,33.9,24.2,74.7,2.2,37.5,15.8,17.6,23.3,,43.0,12.5,231.0,20.0,9.0
2025-05-29,106.94999694824219,-6.099998474121094,106.8279877,-6.1811056,0.7505999803543091,34.1,26.0,29.5,39.4,26.0,33.9,24.1,74.0,2.2,37.5,15.8,17.6,29.5,,43.4,12.4,231.0,20.0,9.0
2025-05-29,106.94999694824219,-6.099998474121094,106.79319751533286,-6.236658728205383,0.7505999803543091,34.1,26.0,29.5,39.4,26.0,33.9,24.1,73.9,2.2,37.5,15.8,17.6,30.0,,43.4,12.4,231.0,20.0,9.0
2025-05-29,106.94999694824219,-6.099998474121094,106.803,-6.2155,0.7505999803543091,34.1,26.0,29.5,39.4,26.0,33.9,24.1,74.0,2.2,37.5,15.8,17.6,29.8,,43.4,12.4,231.0,20.0,9.0
2025-05-29,106.94999694824219,-6.099998474121094,106.8235,-6.19466,0.7505999803543091,34.1,26.0,29.5,39.4,26.0,33.9,24.1,73.9,2.2,37.5,15.8,17.6,30.3,,43.4,12.3,231.0,20.0,9.0
2025-05-29,106.94999694824219,-6.099998474121094,106.910887,-6.1535777,0.7505999803543091,34.1,26.0,29.4,39.3,26.0,33.8,24.3,75.4,4.4,41.67,13.3,18.0,55.9,,45.6,11.6,239.5,20.7,8.0
2025-05-29,106.94999694824219,-6.099998474121094,106.80367,-6.35693,0.7505999803543091,34.1,26.0,29.5,39.3,26.0,33.9,24.1,73.8,2.2,37.5,15.8,17.6,31.5,,43.4,12.3,231.0,20.0,9.0
2025-05-29,106.94999694824219,-6.099998474121094,106.90919,-6.28889,0.7505999803543091,34.1,26.0,29.4,39.1,26.0,33.8,24.3,75.1,4.4,41.67,13.3,18.0,59.3,,45.8,11.5,239.5,20.7,8.0
2025-05-29,106.94999694824219,-6.099998474121094,106.7525,-6.20737,0.7505999803543091,34.1,26.0,29.4,39.8,26.0,33.9,24.2,74.7,2.2,37.5,15.8,17.6,23.3,,43.0,12.5,231.0,20.0,9.0
2025-05-29,107.0,-6.099998474121094,106.8279877,-6.1811056,0.8447999954223633,34.1,26.0,29.5,39.4,26.0,33.9,24.1,74.0,2.2,37.5,15.8,17.6,29.5,,43.4,12.4,231.0,20.0,9.0
2025-05-29,107.0,-6.099998474121094,106.79319751533286,-6.236658728205383,0.8447999954223633,34.1,26.0,29.5,39.4,26.0,33.9,24.1,73.9,2.2,37.5,15.8,17.6,30.0,,43.4,12.4,231.0,20.0,9.0
2025-05-29,107.0,-6.099998474121094,106.803,-6.2155,0.8447999954223633,34.1,26.0,29.5,39.4,26.0,33.9,24.1,74.0,2.2,37.5,15.8,17.6,29.8,,43.4,12.4,231.0,20.0,9.0
2025-05-29,107.0,-6.099998474121094,106.8235,-6.19466,0.8447999954223633,34.1,26.0,29.5,39.4,26.0,33.9,24.1,73.9,2.2,37.5,15.8,17.6,30.3,,43.4,12.3,231.0,20.0,9.0
2025-05-29,107.0,-6.099998474121094,106.910887,-6.1535777,0.8447999954223633,34.1,26.0,29.4,39.3,26.0,33.8,24.3,75.4,4.4,41.67,13.3,18.0,55.9,,45.6,11.6,239.5,20.7,8.0
2025-05-29,107.0,-6.099998474121094,106.80367,-6.35693,0.8447999954223633,34.1,26.0,29.5,39.3,26.0,33.9,24.1,73.8,2.2,37.5,15.8,17.6,31.5,,43.4,12.3,231.0,20.0,9.0
2025-05-29,107.0,-6.099998474121094,106.90919,-6.28889,0.8447999954223633,34.1,26.0,29.4,39.1,26.0,33.8,24.3,75.1,4.4,41.67,13.3,18.0,59.3,,45.8,11.5,239.5,20.7,8.0
2025-05-29,107.0,-6.099998474121094,106.7525,-6.20737,0.8447999954223633,34.1,26.0,29.4,39.8,26.0,33.9,24.2,74.7,2.2,37.5,15.8,17.6,23.3,,43.0,12.5,231.0,20.0,9.0
2025-05-29,106.5999984741211,-6.150001525878906,106.8279877,-6.1811056,0.8605999946594238,34.1,26.0,29.5,39.4,26.0,33.9,24.1,74.0,2.2,37.5,15.8,17.6,29.5,,43.4,12.4,231.0,20.0,9.0
2025-05-29,106.5999984741211,-6.150001525878906,106.79319751533286,-6.236658728205383,0.8605999946594238,34.1,26.0,29.5,39.4,26.0,33.9,24.1,73.9,2.2,37.5,15.8,17.6,30.0,,43.4,12.4,231.0,20.0,9.0
2025-05-29,106.5999984741211,-6.150001525878906,106.803,-6.2155,0.8605999946594238,34.1,26.0,29.5,39.4,26.0,33.9,24.1,74.0,2.2,37.5,15.8,17.6,29.8,,43.4,12.4,231.0,20.0,9.0
2025-05-29,106.5999984741211,-6.150001525878906,106.8235,-6.19466,0.8605999946594238,34.1,26.0,29.5,39.4,26.0,33.9,24.1,73.9,2.2,37.5,15.8,17.6,30.3,,43.4,12.3,231.0,20.0,9.0
2025-05-29,106.5999984741211,-6.150001525878906,106.910887,-6.1535777,0.8605999946594238,34.1,26.0,29.4,39.3,26.0,33.8,24.3,75.4,4.4,41.67,13.3,18.0,55.9,,45.6,11.6,239.5,20.7,8.0
2025-05-29,106.5999984741211,-6.150001525878906,106.80367,-6.35693,0.8605999946594238,34.1,26.0,29.5,39.3,26.0,33.9,24.1,73.8,2.2,37.5,15.8,17.6,31.5,,43.4,12.3,231.0,20.0,9.0
2025-05-29,106.5999984741211,-6.150001525878906,106.90919,-6.28889,0.8605999946594238,34.1,26.0,29.4,39.1,26.0,33.8,24.3,75.1,4.4,41.67,13.3,18.0,59.3,,45.8,11.5,239.5,20.7,8.0
2025-05-29,106.5999984741211,-6.150001525878906,106.7525,-6.20737,0.8605999946594238,34.1,26.0,29.4,39.8,26.0,33.9,24.2,74.7,2.2,37.5,15.8,17.6,23.3,,43.0,12.5,231.0,20.0,9.0
2025-05-29,106.6500015258789,-6.150001525878906,106.8279877,-6.1811056,1.031599998474121,34.1,26.0,29.5,39.4,26.0,33.9,24.1,74.0,2.2,37.5,15.8,17.6,29.5,,43.4,12.4,231.0,20.0,9.0
2025-05-29,106.6500015258789,-6.150001525878906,106.79319751533286,-6.236658728205383,1.031599998474121,34.1,26.0,29.5,39.4,26.0,33.9,24.1,73.9,2.2,37.5,15.8,17.6,30.0,,43.4,12.4,231.0,20.0,9.0
2025-05-29,106.6500015258789,-6.150001525878906,106.803,-6.2155,1.031599998474121,34.1,26.0,29.5,39.4,26.0,33.9,24.1,74.0,2.2,37.5,15.8,17.6,29.8,,43.4,12.4,231.0,20.0,9.0
2025-05-29,106.6500015258789,-6.150001525878906,106.8235,-6.19466,1.031599998474121,34.1,26.0,29.5,39.4,26.0,33.9,24.1,73.9,2.2,37.5,15.8,17.6,30.3,,43.4,12.3,231.0,20.0,9.0
2025-05-29,106.6500015258789,-6.150001525878906,106.910887,-6.1535777,1.031599998474121,34.1,26.0,29.4,39.3,26.0,33.8,24.3,75.4,4.4,41.67,13.3,18.0,55.9,,45.6,11.6,239.5,20.7,8.0
2025-05-29,106.6500015258789,-6.150001525878906,106.80367,-6.35693,1.031599998474121,34.1,26.0,29.5,39.3,26.0,33.9,24.1,73.8,2.2,37.5,15.8,17.6,31.5,,43.4,12.3,231.0,20.0,9.0
2025-05-29,106.6500015258789,-6.150001525878906,106.90919,-6.28889,1.031599998474121,34.1,26.0,29.4,39.1,26.0,33.8,24.3,75.1,4.4,41.67,13.3,18.0,59.3,,45.8,11.5,239.5,20.7,8.0
2025-05-29,106.6500015258789,-6.150001525878906,106.7525,-6.20737,1.031599998474121,34.1,26.0,29.4,39.8,26.0,33.9,24.2,74.7,2.2,37.5,15.8,17.6,23.3,,43.0,12.5,231.0,20.0,9.0
2025-05-29,106.69999694824219,-6.150001525878906,106.8279877,-6.1811056,0.9343999624252319,34.1,26.0,29.5,39.4,26.0,33.9,24.1,74.0,2.2,37.5,15.8,17.6,29.5,,43.4,12.4,231.0,20.0,9.0
2025-05-29,106.69999694824219,-6.150001525878906,106.79319751533286,-6.236658728205383,0.9343999624252319,34.1,26.0,29.5,39.4,26.0,33.9,24.1,73.9,2.2,37.5,15.8,17.6,30.0,,43.4,12.4,231.0,20.0,9.0
2025-05-29,106.69999694824219,-6.150001525878906,106.803,-6.2155,0.9343999624252319,34.1,26.0,29.5,39.4,26.0,33.9,24.1,74.0,2.2,37.5,15.8,17.6,29.8,,43.4,12.4,231.0,20.0,9.0
2025-05-29,106.69999694824219,-6.150001525878906,106.8235,-6.19466,0.9343999624252319,34.1,26.0,29.5,39.4,26.0,33.9,24.1,73.9,2.2,37.5,15.8,17.6,30.3,,43.4,12.3,231.0,20.0,9.0
2025-05-29,106.69999694824219,-6.150001525878906,106.910887,-6.1535777,0.9343999624252319,34.1,26.0,29.4,39.3,26.0,33.8,24.3,75.4,4.4,41.67,13.3,18.0,55.9,,45.6,11.6,239.5,20.7,8.0
2025-05-29,106.69999694824219,-6.150001525878906,106.80367,-6.35693,0.9343999624252319,34.1,26.0,29.5,39.3,26.0,33.9,24.1,73.8,2.2,37.5,15.8,17.6,31.5,,43.4,12.3,231.0,20.0,9.0
2025-05-29,106.69999694824219,-6.150001525878906,106.90919,-6.28889,0.9343999624252319,34.1,26.0,29.4,39.1,26.0,33.8,24.3,75.1,4.4,41.67,13.3,18.0,59.3,,45.8,11.5,239.5,20.7,8.0
2025-05-29,106.69999694824219,-6.150001525878906,106.7525,-6.20737,0.9343999624252319,34.1,26.0,29.4,39.8,26.0,33.9,24.2,74.7,2.2,37.5,15.8,17.6,23.3,,43.0,12.5,231.0,20.0,9.0
2025-05-29,106.75,-6.150001525878906,106.8279877,-6.1811056,1.184999942779541,34.1,26.0,29.5,39.4,26.0,33.9,24.1,74.0,2.2,37.5,15.8,17.6,29.5,,43.4,12.4,231.0,20.0,9.0
2025-05-29,106.75,-6.150001525878906,106.79319751533286,-6.236658728205383,1.184999942779541,34.1,26.0,29.5,39.4,26.0,33.9,24.1,73.9,2.2,37.5,15.8,17.6,30.0,,43.4,12.4,231.0,20.0,9.0
2025-05-29,106.75,-6.150001525878906,106.803,-6.2155,1.184999942779541,34.1,26.0,29.5,39.4,26.0,33.9,24.1,74.0,2.2,37.5,15.8,17.6,29.8,,43.4,12.4,231.0,20.0,9.0
2025-05-29,106.75,-6.150001525878906,106.8235,-6.19466,1.184999942779541,34.1,26.0,29.5,39.4,26.0,33.9,24.1,73.9,2.2,37.5,15.8,17.6,30.3,,43.4,12.3,231.0,20.0,9.0
2025-05-29,106.75,-6.150001525878906,106.910887,-6.1535777,1.184999942779541,34.1,26.0,29.4,39.3,26.0,33.8,24.3,75.4,4.4,41.67,13.3,18.0,55.9,,45.6,11.6,239.5,20.7,8.0
2025-05-29,106.75,-6.150001525878906,106.80367,-6.35693,1.184999942779541,34.1,26.0,29.5,39.3,26.0,33.9,24.1,73.8,2.2,37.5,15.8,17.6,31.5,,43.4,12.3,231.0,20.0,9.0
2025-05-29,106.75,-6.150001525878906,106.90919,-6.28889,1.184999942779541,34.1,26.0,29.4,39.1,26.0,33.8,24.3,75.1,4.4,41.67,13.3,18.0,59.3,,45.8,11.5,239.5,20.7,8.0
2025-05-29,106.75,-6.150001525878906,106.7525,-6.20737,1.184999942779541,34.1,26.0,29.4,39.8,26.0,33.9,24.2,74.7,2.2,37.5,15.8,17.6,23.3,,43.0,12.5,231.0,20.0,9.0
2025-05-29,106.80000305175781,-6.150001525878906,106.8279877,-6.1811056,0.9703999757766724,34.1,26.0,29.5,39.4,26.0,33.9,24.1,74.0,2.2,37.5,15.8,17.6,29.5,,43.4,12.4,231.0,20.0,9.0
2025-05-29,106.80000305175781,-6.150001525878906,106.79319751533286,-6.236658728205383,0.9703999757766724,34.1,26.0,29.5,39.4,26.0,33.9,24.1,73.9,2.2,37.5,15.8,17.6,30.0,,43.4,12.4,231.0,20.0,9.0
2025-05-29,106.80000305175781,-6.150001525878906,106.803,-6.2155,0.9703999757766724,34.1,26.0,29.5,39.4,26.0,33.9,24.1,74.0,2.2,37.5,15.8,17.6,29.8,,43.4,12.4,231.0,20.0,9.0
2025-05-29,106.80000305175781,-6.150001525878906,106.8235,-6.19466,0.9703999757766724,34.1,26.0,29.5,39.4,26.0,33.9,24.1,73.9,2.2,37.5,15.8,17.6,30.3,,43.4,12.3,231.0,20.0,9.0
2025-05-29,106.80000305175781,-6.150001525878906,106.910887,-6.1535777,0.9703999757766724,34.1,26.0,29.4,39.3,26.0,33.8,24.3,75.4,4.4,41.67,13.3,18.0,55.9,,45.6,11.6,239.5,20.7,8.0
2025-05-29,106.80000305175781,-6.150001525878906,106.80367,-6.35693,0.9703999757766724,34.1,26.0,29.5,39.3,26.0,33.9,24.1,73.8,2.2,37.5,15.8,17.6,31.5,,43.4,12.3,231.0,20.0,9.0
2025-05-29,106.80000305175781,-6.150001525878906,106.90919,-6.28889,0.9703999757766724,34.1,26.0,29.4,39.1,26.0,33.8,24.3,75.1,4.4,41.67,13.3,18.0,59.3,,45.8,11.5,239.5,20.7,8.0
2025-05-29,106.80000305175781,-6.150001525878906,106.7525,-6.20737,0.9703999757766724,34.1,26.0,29.4,39.8,26.0,33.9,24.2,74.7,2.2,37.5,15.8,17.6,23.3,,43.0,12.5,231.0,20.0,9.0
2025-05-29,106.8499984741211,-6.150001525878906,106.8279877,-6.1811056,0.44699999690055847,34.1,26.0,29.5,39.4,26.0,33.9,24.1,74.0,2.2,37.5,15.8,17.6,29.5,,43.4,12.4,231.0,20.0,9.0
2025-05-29,106.8499984741211,-6.150001525878906,106.79319751533286,-6.236658728205383,0.44699999690055847,34.1,26.0,29.5,39.4,26.0,33.9,24.1,73.9,2.2,37.5,15.8,17.6,30.0,,43.4,12.4,231.0,20.0,9.0
2025-05-29,106.8499984741211,-6.150001525878906,106.803,-6.2155,0.44699999690055847,34.1,26.0,29.5,39.4,26.0,33.9,24.1,74.0,2.2,37.5,15.8,17.6,29.8,,43.4,12.4,231.0,20.0,9.0
2025-05-29,106.8499984741211,-6.150001525878906,106.8235,-6.19466,0.44699999690055847,34.1,26.0,29.5,39.4,26.0,33.9,24.1,73.9,2.2,37.5,15.8,17.6,30.3,,43.4,12.3,231.0,20.0,9.0
2025-05-29,106.8499984741211,-6.150001525878906,106.910887,-6.1535777,0.44699999690055847,34.1,26.0,29.4,39.3,26.0,33.8,24.3,75.4,4.4,41.67,13.3,18.0,55.9,,45.6,11.6,239.5,20.7,8.0
2025-05-29,106.8499984741211,-6.150001525878906,106.80367,-6.35693,0.44699999690055847,34.1,26.0,29.5,39.3,26.0,33.9,24.1,73.8,2.2,37.5,15.8,17.6,31.5,,43.4,12.3,231.0,20.0,9.0
2025-05-29,106.8499984741211,-6.150001525878906,106.90919,-6.28889,0.44699999690055847,34.1,26.0,29.4,39.1,26.0,33.8,24.3,75.1,4.4,41.67,13.3,18.0,59.3,,45.8,11.5,239.5,20.7,8.0
2025-05-29,106.8499984741211,-6.150001525878906,106.7525,-6.20737,0.44699999690055847,34.1,26.0,29.4,39.8,26.0,33.9,24.2,74.7,2.2,37.5,15.8,17.6,23.3,,43.0,12.5,231.0,20.0,9.0
2025-05-29,106.9000015258789,-6.150001525878906,106.8279877,-6.1811056,0.7861999869346619,34.1,26.0,29.5,39.4,26.0,33.9,24.1,74.0,2.2,37.5,15.8,17.6,29.5,,43.4,12.4,231.0,20.0,9.0
2025-05-29,106.9000015258789,-6.150001525878906,106.79319751533286,-6.236658728205383,0.7861999869346619,34.1,26.0,29.5,39.4,26.0,33.9,24.1,73.9,2.2,37.5,15.8,17.6,30.0,,43.4,12.4,231.0,20.0,9.0
2025-05-29,106.9000015258789,-6.150001525878906,106.803,-6.2155,0.7861999869346619,34.1,26.0,29.5,39.4,26.0,33.9,24.1,74.0,2.2,37.5,15.8,17.6,29.8,,43.4,12.4,231.0,20.0,9.0
2025-05-29,106.9000015258789,-6.150001525878906,106.8235,-6.19466,0.7861999869346619,34.1,26.0,29.5,39.4,26.0,33.9,24.1,73.9,2.2,37.5,15.8,17.6,30.3,,43.4,12.3,231.0,20.0,9.0
2025-05-29,106.9000015258789,-6.150001525878906,106.910887,-6.1535777,0.7861999869346619,34.1,26.0,29.4,39.3,26.0,33.8,24.3,75.4,4.4,41.67,13.3,18.0,55.9,,45.6,11.6,239.5,20.7,8.0
2025-05-29,106.9000015258789,-6.150001525878906,106.80367,-6.35693,0.7861999869346619,34.1,26.0,29.5,39.3,26.0,33.9,24.1,73.8,2.2,37.5,15.8,17.6,31.5,,43.4,12.3,231.0,20.0,9.0
2025-05-29,106.9000015258789,-6.150001525878906,106.90919,-6.28889,0.7861999869346619,34.1,26.0,29.4,39.1,26.0,33.8,24.3,75.1,4.4,41.67,13.3,18.0,59.3,,45.8,11.5,239.5,20.7,8.0
2025-05-29,106.9000015258789,-6.150001525878906,106.7525,-6.20737,0.7861999869346619,34.1,26.0,29.4,39.8,26.0,33.9,24.2,74.7,2.2,37.5,15.8,17.6,23.3,,43.0,12.5,231.0,20.0,9.0
2025-05-29,106.94999694824219,-6.150001525878906,106.8279877,-6.1811056,0.6236000061035156,34.1,26.0,29.5,39.4,26.0,33.9,24.1,74.0,2.2,37.5,15.8,17.6,29.5,,43.4,12.4,231.0,20.0,9.0
2025-05-29,106.94999694824219,-6.150001525878906,106.79319751533286,-6.236658728205383,0.6236000061035156,34.1,26.0,29.5,39.4,26.0,33.9,24.1,73.9,2.2,37.5,15.8,17.6,30.0,,43.4,12.4,231.0,20.0,9.0
2025-05-29,106.94999694824219,-6.150001525878906,106.803,-6.2155,0.6236000061035156,34.1,26.0,29.5,39.4,26.0,33.9,24.1,74.0,2.2,37.5,15.8,17.6,29.8,,43.4,12.4,231.0,20.0,9.0
2025-05-29,106.94999694824219,-6.150001525878906,106.8235,-6.19466,0.6236000061035156,34.1,26.0,29.5,39.4,26.0,33.9,24.1,73.9,2.2,37.5,15.8,17.6,30.3,,43.4,12.3,231.0,20.0,9.0
2025-05-29,106.94999694824219,-6.150001525878906,106.910887,-6.1535777,0.6236000061035156,34.1,26.0,29.4,39.3,26.0,33.8,24.3,75.4,4.4,41.67,13.3,18.0,55.9,,45.6,11.6,239.5,20.7,8.0
2025-05-29,106.94999694824219,-6.150001525878906,106.80367,-6.35693,0.6236000061035156,34.1,26.0,29.5,39.3,26.0,33.9,24.1,73.8,2.2,37.5,15.8,17.6,31.5,,43.4,12.3,231.0,20.0,9.0
2025-05-29,106.94999694824219,-6.150001525878906,106.90919,-6.28889,0.6236000061035156,34.1,26.0,29.4,39.1,26.0,33.8,24.3,75.1,4.4,41.67,13.3,18.0,59.3,,45.8,11.5,239.5,20.7,8.0
2025-05-29,106.94999694824219,-6.150001525878906,106.7525,-6.20737,0.6236000061035156,34.1,26.0,29.4,39.8,26.0,33.9,24.2,74.7,2.2,37.5,15.8,17.6,23.3,,43.0,12.5,231.0,20.0,9.0
2025-05-29,107.0,-6.150001525878906,106.8279877,-6.1811056,0.865399956703186,34.1,26.0,29.5,39.4,26.0,33.9,24.1,74.0,2.2,37.5,15.8,17.6,29.5,,43.4,12.4,231.0,20.0,9.0
2025-05-29,107.0,-6.150001525878906,106.79319751533286,-6.236658728205383,0.865399956703186,34.1,26.0,29.5,39.4,26.0,33.9,24.1,73.9,2.2,37.5,15.8,17.6,30.0,,43.4,12.4,231.0,20.0,9.0
2025-05-29,107.0,-6.150001525878906,106.803,-6.2155,0.865399956703186,34.1,26.0,29.5,39.4,26.0,33.9,24.1,74.0,2.2,37.5,15.8,17.6,29.8,,43.4,12.4,231.0,20.0,9.0
2025-05-29,107.0,-6.150001525878906,106.8235,-6.19466,0.865399956703186,34.1,26.0,29.5,39.4,26.0,33.9,24.1,73.9,2.2,37.5,15.8,17.6,30.3,,43.4,12.3,231.0,20.0,9.0
2025-05-29,107.0,-6.150001525878906,106.910887,-6.1535777,0.865399956703186,34.1,26.0,29.4,39.3,26.0,33.8,24.3,75.4,4.4,41.67,13.3,18.0,55.9,,45.6,11.6,239.5,20.7,8.0
2025-05-29,107.0,-6.150001525878906,106.80367,-6.35693,0.865399956703186,34.1,26.0,29.5,39.3,26.0,33.9,24.1,73.8,2.2,37.5,15.8,17.6,31.5,,43.4,12.3,231.0,20.0,9.0
2025-05-29,107.0,-6.150001525878906,106.90919,-6.28889,0.865399956703186,34.1,26.0,29.4,39.1,26.0,33.8,24.3,75.1,4.4,41.67,13.3,18.0,59.3,,45.8,11.5,239.5,20.7,8.0
2025-05-29,107.0,-6.150001525878906,106.7525,-6.20737,0.865399956703186,34.1,26.0,29.4,39.8,26.0,33.9,24.2,74.7,2.2,37.5,15.8,17.6,23.3,,43.0,12.5,231.0,20.0,9.0
2025-05-29,106.5999984741211,-6.200004577636719,106.8279877,-6.1811056,0.6435999870300293,34.1,26.0,29.5,39.4,26.0,33.9,24.1,74.0,2.2,37.5,15.8,17.6,29.5,,43.4,12.4,231.0,20.0,9.0
2025-05-29,106.5999984741211,-6.200004577636719,106.79319751533286,-6.236658728205383,0.6435999870300293,34.1,26.0,29.5,39.4,26.0,33.9,24.1,73.9,2.2,37.5,15.8,17.6,30.0,,43.4,12.4,231.0,20.0,9.0
2025-05-29,106.5999984741211,-6.200004577636719,106.803,-6.2155,0.6435999870300293,34.1,26.0,29.5,39.4,26.0,33.9,24.1,74.0,2.2,37.5,15.8,17.6,29.8,,43.4,12.4,231.0,20.0,9.0
2025-05-29,106.5999984741211,-6.200004577636719,106.8235,-6.19466,0.6435999870300293,34.1,26.0,29.5,39.4,26.0,33.9,24.1,73.9,2.2,37.5,15.8,17.6,30.3,,43.4,12.3,231.0,20.0,9.0
2025-05-29,106.5999984741211,-6.200004577636719,106.910887,-6.1535777,0.6435999870300293,34.1,26.0,29.4,39.3,26.0,33.8,24.3,75.4,4.4,41.67,13.3,18.0,55.9,,45.6,11.6,239.5,20.7,8.0
2025-05-29,106.5999984741211,-6.200004577636719,106.80367,-6.35693,0.6435999870300293,34.1,26.0,29.5,39.3,26.0,33.9,24.1,73.8,2.2,37.5,15.8,17.6,31.5,,43.4,12.3,231.0,20.0,9.0
2025-05-29,106.5999984741211,-6.200004577636719,106.90919,-6.28889,0.6435999870300293,34.1,26.0,29.4,39.1,26.0,33.8,24.3,75.1,4.4,41.67,13.3,18.0,59.3,,45.8,11.5,239.5,20.7,8.0
2025-05-29,106.5999984741211,-6.200004577636719,106.7525,-6.20737,0.6435999870300293,34.1,26.0,29.4,39.8,26.0,33.9,24.2,74.7,2.2,37.5,15.8,17.6,23.3,,43.0,12.5,231.0,20.0,9.0
2025-05-29,106.6500015258789,-6.200004577636719,106.8279877,-6.1811056,0.9213999509811401,34.1,26.0,29.5,39.4,26.0,33.9,24.1,74.0,2.2,37.5,15.8,17.6,29.5,,43.4,12.4,231.0,20.0,9.0
2025-05-29,106.6500015258789,-6.200004577636719,106.79319751533286,-6.236658728205383,0.9213999509811401,34.1,26.0,29.5,39.4,26.0,33.9,24.1,73.9,2.2,37.5,15.8,17.6,30.0,,43.4,12.4,231.0,20.0,9.0
2025-05-29,106.6500015258789,-6.200004577636719,106.803,-6.2155,0.9213999509811401,34.1,26.0,29.5,39.4,26.0,33.9,24.1,74.0,2.2,37.5,15.8,17.6,29.8,,43.4,12.4,231.0,20.0,9.0
2025-05-29,106.6500015258789,-6.200004577636719,106.8235,-6.19466,0.9213999509811401,34.1,26.0,29.5,39.4,26.0,33.9,24.1,73.9,2.2,37.5,15.8,17.6,30.3,,43.4,12.3,231.0,20.0,9.0
2025-05-29,106.6500015258789,-6.200004577636719,106.910887,-6.1535777,0.9213999509811401,34.1,26.0,29.4,39.3,26.0,33.8,24.3,75.4,4.4,41.67,13.3,18.0,55.9,,45.6,11.6,239.5,20.7,8.0
2025-05-29,106.6500015258789,-6.200004577636719,106.80367,-6.35693,0.9213999509811401,34.1,26.0,29.5,39.3,26.0,33.9,24.1,73.8,2.2,37.5,15.8,17.6,31.5,,43.4,12.3,231.0,20.0,9.0
2025-05-29,106.6500015258789,-6.200004577636719,106.90919,-6.28889,0.9213999509811401,34.1,26.0,29.4,39.1,26.0,33.8,24.3,75.1,4.4,41.67,13.3,18.0,59.3,,45.8,11.5,239.5,20.7,8.0
2025-05-29,106.6500015258789,-6.200004577636719,106.7525,-6.20737,0.9213999509811401,34.1,26.0,29.4,39.8,26.0,33.9,24.2,74.7,2.2,37.5,15.8,17.6,23.3,,43.0,12.5,231.0,20.0,9.0
2025-05-29,106.69999694824219,-6.200004577636719,106.8279877,-6.1811056,0.8136000037193298,34.1,26.0,29.5,39.4,26.0,33.9,24.1,74.0,2.2,37.5,15.8,17.6,29.5,,43.4,12.4,231.0,20.0,9.0
2025-05-29,106.69999694824219,-6.200004577636719,106.79319751533286,-6.236658728205383,0.8136000037193298,34.1,26.0,29.5,39.4,26.0,33.9,24.1,73.9,2.2,37.5,15.8,17.6,30.0,,43.4,12.4,231.0,20.0,9.0
2025-05-29,106.69999694824219,-6.200004577636719,106.803,-6.2155,0.8136000037193298,34.1,26.0,29.5,39.4,26.0,33.9,24.1,74.0,2.2,37.5,15.8,17.6,29.8,,43.4,12.4,231.0,20.0,9.0
2025-05-29,106.69999694824219,-6.200004577636719,106.8235,-6.19466,0.8136000037193298,34.1,26.0,29.5,39.4,26.0,33.9,24.1,73.9,2.2,37.5,15.8,17.6,30.3,,43.4,12.3,231.0,20.0,9.0
2025-05-29,106.69999694824219,-6.200004577636719,106.910887,-6.1535777,0.8136000037193298,34.1,26.0,29.4,39.3,26.0,33.8,24.3,75.4,4.4,41.67,13.3,18.0,55.9,,45.6,11.6,239.5,20.7,8.0
2025-05-29,106.69999694824219,-6.200004577636719,106.80367,-6.35693,0.8136000037193298,34.1,26.0,29.5,39.3,26.0,33.9,24.1,73.8,2.2,37.5,15.8,17.6,31.5,,43.4,12.3,231.0,20.0,9.0
2025-05-29,106.69999694824219,-6.200004577636719,106.90919,-6.28889,0.8136000037193298,34.1,26.0,29.4,39.1,26.0,33.8,24.3,75.1,4.4,41.67,13.3,18.0,59.3,,45.8,11.5,239.5,20.7,8.0
2025-05-29,106.69999694824219,-6.200004577636719,106.7525,-6.20737,0.8136000037193298,34.1,26.0,29.4,39.8,26.0,33.9,24.2,74.7,2.2,37.5,15.8,17.6,23.3,,43.0,12.5,231.0,20.0,9.0
2025-05-29,106.75,-6.200004577636719,106.8279877,-6.1811056,0.5473999977111816,34.1,26.0,29.5,39.4,26.0,33.9,24.1,74.0,2.2,37.5,15.8,17.6,29.5,,43.4,12.4,231.0,20.0,9.0
2025-05-29,106.75,-6.200004577636719,106.79319751533286,-6.236658728205383,0.5473999977111816,34.1,26.0,29.5,39.4,26.0,33.9,24.1,73.9,2.2,37.5,15.8,17.6,30.0,,43.4,12.4,231.0,20.0,9.0
2025-05-29,106.75,-6.200004577636719,106.803,-6.2155,0.5473999977111816,34.1,26.0,29.5,39.4,26.0,33.9,24.1,74.0,2.2,37.5,15.8,17.6,29.8,,43.4,12.4,231.0,20.0,9.0
2025-05-29,106.75,-6.200004577636719,106.8235,-6.19466,0.5473999977111816,34.1,26.0,29.5,39.4,26.0,33.9,24.1,73.9,2.2,37.5,15.8,17.6,30.3,,43.4,12.3,231.0,20.0,9.0
2025-05-29,106.75,-6.200004577636719,106.910887,-6.1535777,0.5473999977111816,34.1,26.0,29.4,39.3,26.0,33.8,24.3,75.4,4.4,41.67,13.3,18.0,55.9,,45.6,11.6,239.5,20.7,8.0
2025-05-29,106.75,-6.200004577636719,106.80367,-6.35693,0.5473999977111816,34.1,26.0,29.5,39.3,26.0,33.9,24.1,73.8,2.2,37.5,15.8,17.6,31.5,,43.4,12.3,231.0,20.0,9.0
2025-05-29,106.75,-6.200004577636719,106.90919,-6.28889,0.5473999977111816,34.1,26.0,29.4,39.1,26.0,33.8,24.3,75.1,4.4,41.67,13.3,18.0,59.3,,45.8,11.5,239.5,20.7,8.0
2025-05-29,106.75,-6.200004577636719,106.7525,-6.20737,0.5473999977111816,34.1,26.0,29.4,39.8,26.0,33.9,24.2,74.7,2.2,37.5,15.8,17.6,23.3,,43.0,12.5,231.0,20.0,9.0
2025-05-29,106.80000305175781,-6.200004577636719,106.8279877,-6.1811056,0.23119999468326569,34.1,26.0,29.5,39.4,26.0,33.9,24.1,74.0,2.2,37.5,15.8,17.6,29.5,,43.4,12.4,231.0,20.0,9.0
2025-05-29,106.80000305175781,-6.200004577636719,106.79319751533286,-6.236658728205383,0.23119999468326569,34.1,26.0,29.5,39.4,26.0,33.9,24.1,73.9,2.2,37.5,15.8,17.6,30.0,,43.4,12.4,231.0,20.0,9.0
2025-05-29,106.80000305175781,-6.200004577636719,106.803,-6.2155,0.23119999468326569,34.1,26.0,29.5,39.4,26.0,33.9,24.1,74.0,2.2,37.5,15.8,17.6,29.8,,43.4,12.4,231.0,20.0,9.0
2025-05-29,106.80000305175781,-6.200004577636719,106.8235,-6.19466,0.23119999468326569,34.1,26.0,29.5,39.4,26.0,33.9,24.1,73.9,2.2,37.5,15.8,17.6,30.3,,43.4,12.3,231.0,20.0,9.0
2025-05-29,106.80000305175781,-6.200004577636719,106.910887,-6.1535777,0.23119999468326569,34.1,26.0,29.4,39.3,26.0,33.8,24.3,75.4,4.4,41.67,13.3,18.0,55.9,,45.6,11.6,239.5,20.7,8.0
2025-05-29,106.80000305175781,-6.200004577636719,106.80367,-6.35693,0.23119999468326569,34.1,26.0,29.5,39.3,26.0,33.9,24.1,73.8,2.2,37.5,15.8,17.6,31.5,,43.4,12.3,231.0,20.0,9.0
2025-05-29,106.80000305175781,-6.200004577636719,106.90919,-6.28889,0.23119999468326569,34.1,26.0,29.4,39.1,26.0,33.8,24.3,75.1,4.4,41.67,13.3,18.0,59.3,,45.8,11.5,239.5,20.7,8.0
2025-05-29,106.80000305175781,-6.200004577636719,106.7525,-6.20737,0.23119999468326569,34.1,26.0,29.4,39.8,26.0,33.9,24.2,74.7,2.2,37.5,15.8,17.6,23.3,,43.0,12.5,231.0,20.0,9.0
2025-05-29,106.8499984741211,-6.200004577636719,106.8279877,-6.1811056,0.9016000032424927,34.1,26.0,29.5,39.4,26.0,33.9,24.1,74.0,2.2,37.5,15.8,17.6,29.5,,43.4,12.4,231.0,20.0,9.0
2025-05-29,106.8499984741211,-6.200004577636719,106.79319751533286,-6.236658728205383,0.9016000032424927,34.1,26.0,29.5,39.4,26.0,33.9,24.1,73.9,2.2,37.5,15.8,17.6,30.0,,43.4,12.4,231.0,20.0,9.0
2025-05-29,106.8499984741211,-6.200004577636719,106.803,-6.2155,0.9016000032424927,34.1,26.0,29.5,39.4,26.0,33.9,24.1,74.0,2.2,37.5,15.8,17.6,29.8,,43.4,12.4,231.0,20.0,9.0
2025-05-29,106.8499984741211,-6.200004577636719,106.8235,-6.19466,0.9016000032424927,34.1,26.0,29.5,39.4,26.0,33.9,24.1,73.9,2.2,37.5,15.8,17.6,30.3,,43.4,12.3,231.0,20.0,9.0
2025-05-29,106.8499984741211,-6.200004577636719,106.910887,-6.1535777,0.9016000032424927,34.1,26.0,29.4,39.3,26.0,33.8,24.3,75.4,4.4,41.67,13.3,18.0,55.9,,45.6,11.6,239.5,20.7,8.0
2025-05-29,106.8499984741211,-6.200004577636719,106.80367,-6.35693,0.9016000032424927,34.1,26.0,29.5,39.3,26.0,33.9,24.1,73.8,2.2,37.5,15.8,17.6,31.5,,43.4,12.3,231.0,20.0,9.0
2025-05-29,106.8499984741211,-6.200004577636719,106.90919,-6.28889,0.9016000032424927,34.1,26.0,29.4,39.1,26.0,33.8,24.3,75.1,4.4,41.67,13.3,18.0,59.3,,45.8,11.5,239.5,20.7,8.0
2025-05-29,106.8499984741211,-6.200004577636719,106.7525,-6.20737,0.9016000032424927,34.1,26.0,29.4,39.8,26.0,33.9,24.2,74.7,2.2,37.5,15.8,17.6,23.3,,43.0,12.5,231.0,20.0,9.0
2025-05-29,106.9000015258789,-6.200004577636719,106.8279877,-6.1811056,0.9501999616622925,34.1,26.0,29.5,39.4,26.0,33.9,24.1,74.0,2.2,37.5,15.8,17.6,29.5,,43.4,12.4,231.0,20.0,9.0
2025-05-29,106.9000015258789,-6.200004577636719,106.79319751533286,-6.236658728205383,0.9501999616622925,34.1,26.0,29.5,39.4,26.0,33.9,24.1,73.9,2.2,37.5,15.8,17.6,30.0,,43.4,12.4,231.0,20.0,9.0
2025-05-29,106.9000015258789,-6.200004577636719,106.803,-6.2155,0.9501999616622925,34.1,26.0,29.5,39.4,26.0,33.9,24.1,74.0,2.2,37.5,15.8,17.6,29.8,,43.4,12.4,231.0,20.0,9.0
2025-05-29,106.9000015258789,-6.200004577636719,106.8235,-6.19466,0.9501999616622925,34.1,26.0,29.5,39.4,26.0,33.9,24.1,73.9,2.2,37.5,15.8,17.6,30.3,,43.4,12.3,231.0,20.0,9.0
2025-05-29,106.9000015258789,-6.200004577636719,106.910887,-6.1535777,0.9501999616622925,34.1,26.0,29.4,39.3,26.0,33.8,24.3,75.4,4.4,41.67,13.3,18.0,55.9,,45.6,11.6,239.5,20.7,8.0
2025-05-29,106.9000015258789,-6.200004577636719,106.80367,-6.35693,0.9501999616622925,34.1,26.0,29.5,39.3,26.0,33.9,24.1,73.8,2.2,37.5,15.8,17.6,31.5,,43.4,12.3,231.0,20.0,9.0
2025-05-29,106.9000015258789,-6.200004577636719,106.90919,-6.28889,0.9501999616622925,34.1,26.0,29.4,39.1,26.0,33.8,24.3,75.1,4.4,41.67,13.3,18.0,59.3,,45.8,11.5,239.5,20.7,8.0
2025-05-29,106.9000015258789,-6.200004577636719,106.7525,-6.20737,0.9501999616622925,34.1,26.0,29.4,39.8,26.0,33.9,24.2,74.7,2.2,37.5,15.8,17.6,23.3,,43.0,12.5,231.0,20.0,9.0
2025-05-29,106.94999694824219,-6.200004577636719,106.8279877,-6.1811056,1.0202000141143799,34.1,26.0,29.5,39.4,26.0,33.9,24.1,74.0,2.2,37.5,15.8,17.6,29.5,,43.4,12.4,231.0,20.0,9.0
2025-05-29,106.94999694824219,-6.200004577636719,106.79319751533286,-6.236658728205383,1.0202000141143799,34.1,26.0,29.5,39.4,26.0,33.9,24.1,73.9,2.2,37.5,15.8,17.6,30.0,,43.4,12.4,231.0,20.0,9.0
2025-05-29,106.94999694824219,-6.200004577636719,106.803,-6.2155,1.0202000141143799,34.1,26.0,29.5,39.4,26.0,33.9,24.1,74.0,2.2,37.5,15.8,17.6,29.8,,43.4,12.4,231.0,20.0,9.0
2025-05-29,106.94999694824219,-6.200004577636719,106.8235,-6.19466,1.0202000141143799,34.1,26.0,29.5,39.4,26.0,33.9,24.1,73.9,2.2,37.5,15.8,17.6,30.3,,43.4,12.3,231.0,20.0,9.0
2025-05-29,106.94999694824219,-6.200004577636719,106.910887,-6.1535777,1.0202000141143799,34.1,26.0,29.4,39.3,26.0,33.8,24.3,75.4,4.4,41.67,13.3,18.0,55.9,,45.6,11.6,239.5,20.7,8.0
2025-05-29,106.94999694824219,-6.200004577636719,106.80367,-6.35693,1.0202000141143799,34.1,26.0,29.5,39.3,26.0,33.9,24.1,73.8,2.2,37.5,15.8,17.6,31.5,,43.4,12.3,231.0,20.0,9.0
2025-05-29,106.94999694824219,-6.200004577636719,106.90919,-6.28889,1.0202000141143799,34.1,26.0,29.4,39.1,26.0,33.8,24.3,75.1,4.4,41.67,13.3,18.0,59.3,,45.8,11.5,239.5,20.7,8.0
2025-05-29,106.94999694824219,-6.200004577636719,106.7525,-6.20737,1.0202000141143799,34.1,26.0,29.4,39.8,26.0,33.9,24.2,74.7,2.2,37.5,15.8,17.6,23.3,,43.0,12.5,231.0,20.0,9.0
2025-05-29,107.0,-6.200004577636719,106.8279877,-6.1811056,0.6071999669075012,34.1,26.0,29.5,39.4,26.0,33.9,24.1,74.0,2.2,37.5,15.8,17.6,29.5,,43.4,12.4,231.0,20.0,9.0
2025-05-29,107.0,-6.200004577636719,106.79319751533286,-6.236658728205383,0.6071999669075012,34.1,26.0,29.5,39.4,26.0,33.9,24.1,73.9,2.2,37.5,15.8,17.6,30.0,,43.4,12.4,231.0,20.0,9.0
2025-05-29,107.0,-6.200004577636719,106.803,-6.2155,0.6071999669075012,34.1,26.0,29.5,39.4,26.0,33.9,24.1,74.0,2.2,37.5,15.8,17.6,29.8,,43.4,12.4,231.0,20.0,9.0
2025-05-29,107.0,-6.200004577636719,106.8235,-6.19466,0.6071999669075012,34.1,26.0,29.5,39.4,26.0,33.9,24.1,73.9,2.2,37.5,15.8,17.6,30.3,,43.4,12.3,231.0,20.0,9.0
2025-05-29,107.0,-6.200004577636719,106.910887,-6.1535777,0.6071999669075012,34.1,26.0,29.4,39.3,26.0,33.8,24.3,75.4,4.4,41.67,13.3,18.0,55.9,,45.6,11.6,239.5,20.7,8.0
2025-05-29,107.0,-6.200004577636719,106.80367,-6.35693,0.6071999669075012,34.1,26.0,29.5,39.3,26.0,33.9,24.1,73.8,2.2,37.5,15.8,17.6,31.5,,43.4,12.3,231.0,20.0,9.0
2025-05-29,107.0,-6.200004577636719,106.90919,-6.28889,0.6071999669075012,34.1,26.0,29.4,39.1,26.0,33.8,24.3,75.1,4.4,41.67,13.3,18.0,59.3,,45.8,11.5,239.5,20.7,8.0
2025-05-29,107.0,-6.200004577636719,106.7525,-6.20737,0.6071999669075012,34.1,26.0,29.4,39.8,26.0,33.9,24.2,74.7,2.2,37.5,15.8,17.6,23.3,,43.0,12.5,231.0,20.0,9.0
2025-05-29,106.5999984741211,-6.25,106.8279877,-6.1811056,0.4235999882221222,34.1,26.0,29.5,39.4,26.0,33.9,24.1,74.0,2.2,37.5,15.8,17.6,29.5,,43.4,12.4,231.0,20.0,9.0
2025-05-29,106.5999984741211,-6.25,106.79319751533286,-6.236658728205383,0.4235999882221222,34.1,26.0,29.5,39.4,26.0,33.9,24.1,73.9,2.2,37.5,15.8,17.6,30.0,,43.4,12.4,231.0,20.0,9.0
2025-05-29,106.5999984741211,-6.25,106.803,-6.2155,0.4235999882221222,34.1,26.0,29.5,39.4,26.0,33.9,24.1,74.0,2.2,37.5,15.8,17.6,29.8,,43.4,12.4,231.0,20.0,9.0
2025-05-29,106.5999984741211,-6.25,106.8235,-6.19466,0.4235999882221222,34.1,26.0,29.5,39.4,26.0,33.9,24.1,73.9,2.2,37.5,15.8,17.6,30.3,,43.4,12.3,231.0,20.0,9.0
2025-05-29,106.5999984741211,-6.25,106.910887,-6.1535777,0.4235999882221222,34.1,26.0,29.4,39.3,26.0,33.8,24.3,75.4,4.4,41.67,13.3,18.0,55.9,,45.6,11.6,239.5,20.7,8.0
2025-05-29,106.5999984741211,-6.25,106.80367,-6.35693,0.4235999882221222,34.1,26.0,29.5,39.3,26.0,33.9,24.1,73.8,2.2,37.5,15.8,17.6,31.5,,43.4,12.3,231.0,20.0,9.0
2025-05-29,106.5999984741211,-6.25,106.90919,-6.28889,0.4235999882221222,34.1,26.0,29.4,39.1,26.0,33.8,24.3,75.1,4.4,41.67,13.3,18.0,59.3,,45.8,11.5,239.5,20.7,8.0
2025-05-29,106.5999984741211,-6.25,106.7525,-6.20737,0.4235999882221222,34.1,26.0,29.4,39.8,26.0,33.9,24.2,74.7,2.2,37.5,15.8,17.6,23.3,,43.0,12.5,231.0,20.0,9.0
2025-05-29,106.6500015258789,-6.25,106.8279877,-6.1811056,0.9409999847412109,34.1,26.0,29.5,39.4,26.0,33.9,24.1,74.0,2.2,37.5,15.8,17.6,29.5,,43.4,12.4,231.0,20.0,9.0
2025-05-29,106.6500015258789,-6.25,106.79319751533286,-6.236658728205383,0.9409999847412109,34.1,26.0,29.5,39.4,26.0,33.9,24.1,73.9,2.2,37.5,15.8,17.6,30.0,,43.4,12.4,231.0,20.0,9.0
2025-05-29,106.6500015258789,-6.25,106.803,-6.2155,0.9409999847412109,34.1,26.0,29.5,39.4,26.0,33.9,24.1,74.0,2.2,37.5,15.8,17.6,29.8,,43.4,12.4,231.0,20.0,9.0
2025-05-29,106.6500015258789,-6.25,106.8235,-6.19466,0.9409999847412109,34.1,26.0,29.5,39.4,26.0,33.9,24.1,73.9,2.2,37.5,15.8,17.6,30.3,,43.4,12.3,231.0,20.0,9.0
2025-05-29,106.6500015258789,-6.25,106.910887,-6.1535777,0.9409999847412109,34.1,26.0,29.4,39.3,26.0,33.8,24.3,75.4,4.4,41.67,13.3,18.0,55.9,,45.6,11.6,239.5,20.7,8.0
2025-05-29,106.6500015258789,-6.25,106.80367,-6.35693,0.9409999847412109,34.1,26.0,29.5,39.3,26.0,33.9,24.1,73.8,2.2,37.5,15.8,17.6,31.5,,43.4,12.3,231.0,20.0,9.0
2025-05-29,106.6500015258789,-6.25,106.90919,-6.28889,0.9409999847412109,34.1,26.0,29.4,39.1,26.0,33.8,24.3,75.1,4.4,41.67,13.3,18.0,59.3,,45.8,11.5,239.5,20.7,8.0
2025-05-29,106.6500015258789,-6.25,106.7525,-6.20737,0.9409999847412109,34.1,26.0,29.4,39.8,26.0,33.9,24.2,74.7,2.2,37.5,15.8,17.6,23.3,,43.0,12.5,231.0,20.0,9.0
2025-05-29,106.69999694824219,-6.25,106.8279877,-6.1811056,0.7364000082015991,34.1,26.0,29.5,39.4,26.0,33.9,24.1,74.0,2.2,37.5,15.8,17.6,29.5,,43.4,12.4,231.0,20.0,9.0
2025-05-29,106.69999694824219,-6.25,106.79319751533286,-6.236658728205383,0.7364000082015991,34.1,26.0,29.5,39.4,26.0,33.9,24.1,73.9,2.2,37.5,15.8,17.6,30.0,,43.4,12.4,231.0,20.0,9.0
2025-05-29,106.69999694824219,-6.25,106.803,-6.2155,0.7364000082015991,34.1,26.0,29.5,39.4,26.0,33.9,24.1,74.0,2.2,37.5,15.8,17.6,29.8,,43.4,12.4,231.0,20.0,9.0
2025-05-29,106.69999694824219,-6.25,106.8235,-6.19466,0.7364000082015991,34.1,26.0,29.5,39.4,26.0,33.9,24.1,73.9,2.2,37.5,15.8,17.6,30.3,,43.4,12.3,231.0,20.0,9.0
2025-05-29,106.69999694824219,-6.25,106.910887,-6.1535777,0.7364000082015991,34.1,26.0,29.4,39.3,26.0,33.8,24.3,75.4,4.4,41.67,13.3,18.0,55.9,,45.6,11.6,239.5,20.7,8.0
2025-05-29,106.69999694824219,-6.25,106.80367,-6.35693,0.7364000082015991,34.1,26.0,29.5,39.3,26.0,33.9,24.1,73.8,2.2,37.5,15.8,17.6,31.5,,43.4,12.3,231.0,20.0,9.0
2025-05-29,106.69999694824219,-6.25,106.90919,-6.28889,0.7364000082015991,34.1,26.0,29.4,39.1,26.0,33.8,24.3,75.1,4.4,41.67,13.3,18.0,59.3,,45.8,11.5,239.5,20.7,8.0
2025-05-29,106.69999694824219,-6.25,106.7525,-6.20737,0.7364000082015991,34.1,26.0,29.4,39.8,26.0,33.9,24.2,74.7,2.2,37.5,15.8,17.6,23.3,,43.0,12.5,231.0,20.0,9.0
2025-05-29,106.75,-6.25,106.8279877,-6.1811056,0.7152000069618225,34.1,26.0,29.5,39.4,26.0,33.9,24.1,74.0,2.2,37.5,15.8,17.6,29.5,,43.4,12.4,231.0,20.0,9.0
2025-05-29,106.75,-6.25,106.79319751533286,-6.236658728205383,0.7152000069618225,34.1,26.0,29.5,39.4,26.0,33.9,24.1,73.9,2.2,37.5,15.8,17.6,30.0,,43.4,12.4,231.0,20.0,9.0
2025-05-29,106.75,-6.25,106.803,-6.2155,0.7152000069618225,34.1,26.0,29.5,39.4,26.0,33.9,24.1,74.0,2.2,37.5,15.8,17.6,29.8,,43.4,12.4,231.0,20.0,9.0
2025-05-29,106.75,-6.25,106.8235,-6.19466,0.7152000069618225,34.1,26.0,29.5,39.4,26.0,33.9,24.1,73.9,2.2,37.5,15.8,17.6,30.3,,43.4,12.3,231.0,20.0,9.0
2025-05-29,106.75,-6.25,106.910887,-6.1535777,0.7152000069618225,34.1,26.0,29.4,39.3,26.0,33.8,24.3,75.4,4.4,41.67,13.3,18.0,55.9,,45.6,11.6,239.5,20.7,8.0
2025-05-29,106.75,-6.25,106.80367,-6.35693,0.7152000069618225,34.1,26.0,29.5,39.3,26.0,33.9,24.1,73.8,2.2,37.5,15.8,17.6,31.5,,43.4,12.3,231.0,20.0,9.0
2025-05-29,106.75,-6.25,106.90919,-6.28889,0.7152000069618225,34.1,26.0,29.4,39.1,26.0,33.8,24.3,75.1,4.4,41.67,13.3,18.0,59.3,,45.8,11.5,239.5,20.7,8.0
2025-05-29,106.75,-6.25,106.7525,-6.20737,0.7152000069618225,34.1,26.0,29.4,39.8,26.0,33.9,24.2,74.7,2.2,37.5,15.8,17.6,23.3,,43.0,12.5,231.0,20.0,9.0
2025-05-29,106.80000305175781,-6.25,106.8279877,-6.1811056,0.8363999724388123,34.1,26.0,29.5,39.4,26.0,33.9,24.1,74.0,2.2,37.5,15.8,17.6,29.5,,43.4,12.4,231.0,20.0,9.0
2025-05-29,106.80000305175781,-6.25,106.79319751533286,-6.236658728205383,0.8363999724388123,34.1,26.0,29.5,39.4,26.0,33.9,24.1,73.9,2.2,37.5,15.8,17.6,30.0,,43.4,12.4,231.0,20.0,9.0
2025-05-29,106.80000305175781,-6.25,106.803,-6.2155,0.8363999724388123,34.1,26.0,29.5,39.4,26.0,33.9,24.1,74.0,2.2,37.5,15.8,17.6,29.8,,43.4,12.4,231.0,20.0,9.0
2025-05-29,106.80000305175781,-6.25,106.8235,-6.19466,0.8363999724388123,34.1,26.0,29.5,39.4,26.0,33.9,24.1,73.9,2.2,37.5,15.8,17.6,30.3,,43.4,12.3,231.0,20.0,9.0
2025-05-29,106.80000305175781,-6.25,106.910887,-6.1535777,0.8363999724388123,34.1,26.0,29.4,39.3,26.0,33.8,24.3,75.4,4.4,41.67,13.3,18.0,55.9,,45.6,11.6,239.5,20.7,8.0
2025-05-29,106.80000305175781,-6.25,106.80367,-6.35693,0.8363999724388123,34.1,26.0,29.5,39.3,26.0,33.9,24.1,73.8,2.2,37.5,15.8,17.6,31.5,,43.4,12.3,231.0,20.0,9.0
2025-05-29,106.80000305175781,-6.25,106.90919,-6.28889,0.8363999724388123,34.1,26.0,29.4,39.1,26.0,33.8,24.3,75.1,4.4,41.67,13.3,18.0,59.3,,45.8,11.5,239.5,20.7,8.0
2025-05-29,106.80000305175781,-6.25,106.7525,-6.20737,0.8363999724388123,34.1,26.0,29.4,39.8,26.0,33.9,24.2,74.7,2.2,37.5,15.8,17.6,23.3,,43.0,12.5,231.0,20.0,9.0
2025-05-29,106.8499984741211,-6.25,106.8279877,-6.1811056,0.5180000066757202,34.1,26.0,29.5,39.4,26.0,33.9,24.1,74.0,2.2,37.5,15.8,17.6,29.5,,43.4,12.4,231.0,20.0,9.0
2025-05-29,106.8499984741211,-6.25,106.79319751533286,-6.236658728205383,0.5180000066757202,34.1,26.0,29.5,39.4,26.0,33.9,24.1,73.9,2.2,37.5,15.8,17.6,30.0,,43.4,12.4,231.0,20.0,9.0
2025-05-29,106.8499984741211,-6.25,106.803,-6.2155,0.5180000066757202,34.1,26.0,29.5,39.4,26.0,33.9,24.1,74.0,2.2,37.5,15.8,17.6,29.8,,43.4,12.4,231.0,20.0,9.0
2025-05-29,106.8499984741211,-6.25,106.8235,-6.19466,0.5180000066757202,34.1,26.0,29.5,39.4,26.0,33.9,24.1,73.9,2.2,37.5,15.8,17.6,30.3,,43.4,12.3,231.0,20.0,9.0
2025-05-29,106.8499984741211,-6.25,106.910887,-6.1535777,0.5180000066757202,34.1,26.0,29.4,39.3,26.0,33.8,24.3,75.4,4.4,41.67,13.3,18.0,55.9,,45.6,11.6,239.5,20.7,8.0
2025-05-29,106.8499984741211,-6.25,106.80367,-6.35693,0.5180000066757202,34.1,26.0,29.5,39.3,26.0,33.9,24.1,73.8,2.2,37.5,15.8,17.6,31.5,,43.4,12.3,231.0,20.0,9.0
2025-05-29,106.8499984741211,-6.25,106.90919,-6.28889,0.5180000066757202,34.1,26.0,29.4,39.1,26.0,33.8,24.3,75.1,4.4,41.67,13.3,18.0,59.3,,45.8,11.5,239.5,20.7,8.0
2025-05-29,106.8499984741211,-6.25,106.7525,-6.20737,0.5180000066757202,34.1,26.0,29.4,39.8,26.0,33.9,24.2,74.7,2.2,37.5,15.8,17.6,23.3,,43.0,12.5,231.0,20.0,9.0
2025-05-29,106.9000015258789,-6.25,106.8279877,-6.1811056,0.3905999958515167,34.1,26.0,29.5,39.4,26.0,33.9,24.1,74.0,2.2,37.5,15.8,17.6,29.5,,43.4,12.4,231.0,20.0,9.0
2025-05-29,106.9000015258789,-6.25,106.79319751533286,-6.236658728205383,0.3905999958515167,34.1,26.0,29.5,39.4,26.0,33.9,24.1,73.9,2.2,37.5,15.8,17.6,30.0,,43.4,12.4,231.0,20.0,9.0
2025-05-29,106.9000015258789,-6.25,106.803,-6.2155,0.3905999958515167,34.1,26.0,29.5,39.4,26.0,33.9,24.1,74.0,2.2,37.5,15.8,17.6,29.8,,43.4,12.4,231.0,20.0,9.0
2025-05-29,106.9000015258789,-6.25,106.8235,-6.19466,0.3905999958515167,34.1,26.0,29.5,39.4,26.0,33.9,24.1,73.9,2.2,37.5,15.8,17.6,30.3,,43.4,12.3,231.0,20.0,9.0
2025-05-29,106.9000015258789,-6.25,106.910887,-6.1535777,0.3905999958515167,34.1,26.0,29.4,39.3,26.0,33.8,24.3,75.4,4.4,41.67,13.3,18.0,55.9,,45.6,11.6,239.5,20.7,8.0
2025-05-29,106.9000015258789,-6.25,106.80367,-6.35693,0.3905999958515167,34.1,26.0,29.5,39.3,26.0,33.9,24.1,73.8,2.2,37.5,15.8,17.6,31.5,,43.4,12.3,231.0,20.0,9.0
2025-05-29,106.9000015258789,-6.25,106.90919,-6.28889,0.3905999958515167,34.1,26.0,29.4,39.1,26.0,33.8,24.3,75.1,4.4,41.67,13.3,18.0,59.3,,45.8,11.5,239.5,20.7,8.0
2025-05-29,106.9000015258789,-6.25,106.7525,-6.20737,0.3905999958515167,34.1,26.0,29.4,39.8,26.0,33.9,24.2,74.7,2.2,37.5,15.8,17.6,23.3,,43.0,12.5,231.0,20.0,9.0
2025-05-29,106.94999694824219,-6.25,106.8279877,-6.1811056,0.573199987411499,34.1,26.0,29.5,39.4,26.0,33.9,24.1,74.0,2.2,37.5,15.8,17.6,29.5,,43.4,12.4,231.0,20.0,9.0
2025-05-29,106.94999694824219,-6.25,106.79319751533286,-6.236658728205383,0.573199987411499,34.1,26.0,29.5,39.4,26.0,33.9,24.1,73.9,2.2,37.5,15.8,17.6,30.0,,43.4,12.4,231.0,20.0,9.0
2025-05-29,106.94999694824219,-6.25,106.803,-6.2155,0.573199987411499,34.1,26.0,29.5,39.4,26.0,33.9,24.1,74.0,2.2,37.5,15.8,17.6,29.8,,43.4,12.4,231.0,20.0,9.0
2025-05-29,106.94999694824219,-6.25,106.8235,-6.19466,0.573199987411499,34.1,26.0,29.5,39.4,26.0,33.9,24.1,73.9,2.2,37.5,15.8,17.6,30.3,,43.4,12.3,231.0,20.0,9.0
2025-05-29,106.94999694824219,-6.25,106.910887,-6.1535777,0.573199987411499,34.1,26.0,29.4,39.3,26.0,33.8,24.3,75.4,4.4,41.67,13.3,18.0,55.9,,45.6,11.6,239.5,20.7,8.0
2025-05-29,106.94999694824219,-6.25,106.80367,-6.35693,0.573199987411499,34.1,26.0,29.5,39.3,26.0,33.9,24.1,73.8,2.2,37.5,15.8,17.6,31.5,,43.4,12.3,231.0,20.0,9.0
2025-05-29,106.94999694824219,-6.25,106.90919,-6.28889,0.573199987411499,34.1,26.0,29.4,39.1,26.0,33.8,24.3,75.1,4.4,41.67,13.3,18.0,59.3,,45.8,11.5,239.5,20.7,8.0
2025-05-29,106.94999694824219,-6.25,106.7525,-6.20737,0.573199987411499,34.1,26.0,29.4,39.8,26.0,33.9,24.2,74.7,2.2,37.5,15.8,17.6,23.3,,43.0,12.5,231.0,20.0,9.0
2025-05-29,107.0,-6.25,106.8279877,-6.1811056,0.6407999992370605,34.1,26.0,29.5,39.4,26.0,33.9,24.1,74.0,2.2,37.5,15.8,17.6,29.5,,43.4,12.4,231.0,20.0,9.0
2025-05-29,107.0,-6.25,106.79319751533286,-6.236658728205383,0.6407999992370605,34.1,26.0,29.5,39.4,26.0,33.9,24.1,73.9,2.2,37.5,15.8,17.6,30.0,,43.4,12.4,231.0,20.0,9.0
2025-05-29,107.0,-6.25,106.803,-6.2155,0.6407999992370605,34.1,26.0,29.5,39.4,26.0,33.9,24.1,74.0,2.2,37.5,15.8,17.6,29.8,,43.4,12.4,231.0,20.0,9.0
2025-05-29,107.0,-6.25,106.8235,-6.19466,0.6407999992370605,34.1,26.0,29.5,39.4,26.0,33.9,24.1,73.9,2.2,37.5,15.8,17.6,30.3,,43.4,12.3,231.0,20.0,9.0
2025-05-29,107.0,-6.25,106.910887,-6.1535777,0.6407999992370605,34.1,26.0,29.4,39.3,26.0,33.8,24.3,75.4,4.4,41.67,13.3,18.0,55.9,,45.6,11.6,239.5,20.7,8.0
2025-05-29,107.0,-6.25,106.80367,-6.35693,0.6407999992370605,34.1,26.0,29.5,39.3,26.0,33.9,24.1,73.8,2.2,37.5,15.8,17.6,31.5,,43.4,12.3,231.0,20.0,9.0
2025-05-29,107.0,-6.25,106.90919,-6.28889,0.6407999992370605,34.1,26.0,29.4,39.1,26.0,33.8,24.3,75.1,4.4,41.67,13.3,18.0,59.3,,45.8,11.5,239.5,20.7,8.0
2025-05-29,107.0,-6.25,106.7525,-6.20737,0.6407999992370605,34.1,26.0,29.4,39.8,26.0,33.9,24.2,74.7,2.2,37.5,15.8,17.6,23.3,,43.0,12.5,231.0,20.0,9.0
2025-05-29,106.5999984741211,-6.3000030517578125,106.8279877,-6.1811056,1.0017999410629272,34.1,26.0,29.5,39.4,26.0,33.9,24.1,74.0,2.2,37.5,15.8,17.6,29.5,,43.4,12.4,231.0,20.0,9.0
2025-05-29,106.5999984741211,-6.3000030517578125,106.79319751533286,-6.236658728205383,1.0017999410629272,34.1,26.0,29.5,39.4,26.0,33.9,24.1,73.9,2.2,37.5,15.8,17.6,30.0,,43.4,12.4,231.0,20.0,9.0
2025-05-29,106.5999984741211,-6.3000030517578125,106.803,-6.2155,1.0017999410629272,34.1,26.0,29.5,39.4,26.0,33.9,24.1,74.0,2.2,37.5,15.8,17.6,29.8,,43.4,12.4,231.0,20.0,9.0
2025-05-29,106.5999984741211,-6.3000030517578125,106.8235,-6.19466,1.0017999410629272,34.1,26.0,29.5,39.4,26.0,33.9,24.1,73.9,2.2,37.5,15.8,17.6,30.3,,43.4,12.3,231.0,20.0,9.0
2025-05-29,106.5999984741211,-6.3000030517578125,106.910887,-6.1535777,1.0017999410629272,34.1,26.0,29.4,39.3,26.0,33.8,24.3,75.4,4.4,41.67,13.3,18.0,55.9,,45.6,11.6,239.5,20.7,8.0
2025-05-29,106.5999984741211,-6.3000030517578125,106.80367,-6.35693,1.0017999410629272,34.1,26.0,29.5,39.3,26.0,33.9,24.1,73.8,2.2,37.5,15.8,17.6,31.5,,43.4,12.3,231.0,20.0,9.0
2025-05-29,106.5999984741211,-6.3000030517578125,106.90919,-6.28889,1.0017999410629272,34.1,26.0,29.4,39.1,26.0,33.8,24.3,75.1,4.4,41.67,13.3,18.0,59.3,,45.8,11.5,239.5,20.7,8.0
2025-05-29,106.5999984741211,-6.3000030517578125,106.7525,-6.20737,1.0017999410629272,34.1,26.0,29.4,39.8,26.0,33.9,24.2,74.7,2.2,37.5,15.8,17.6,23.3,,43.0,12.5,231.0,20.0,9.0
2025-05-29,106.6500015258789,-6.3000030517578125,106.8279877,-6.1811056,0.6937999725341797,34.1,26.0,29.5,39.4,26.0,33.9,24.1,74.0,2.2,37.5,15.8,17.6,29.5,,43.4,12.4,231.0,20.0,9.0
2025-05-29,106.6500015258789,-6.3000030517578125,106.79319751533286,-6.236658728205383,0.6937999725341797,34.1,26.0,29.5,39.4,26.0,33.9,24.1,73.9,2.2,37.5,15.8,17.6,30.0,,43.4,12.4,231.0,20.0,9.0
2025-05-29,106.6500015258789,-6.3000030517578125,106.803,-6.2155,0.6937999725341797,34.1,26.0,29.5,39.4,26.0,33.9,24.1,74.0,2.2,37.5,15.8,17.6,29.8,,43.4,12.4,231.0,20.0,9.0
2025-05-29,106.6500015258789,-6.3000030517578125,106.8235,-6.19466,0.6937999725341797,34.1,26.0,29.5,39.4,26.0,33.9,24.1,73.9,2.2,37.5,15.8,17.6,30.3,,43.4,12.3,231.0,20.0,9.0
2025-05-29,106.6500015258789,-6.3000030517578125,106.910887,-6.1535777,0.6937999725341797,34.1,26.0,29.4,39.3,26.0,33.8,24.3,75.4,4.4,41.67,13.3,18.0,55.9,,45.6,11.6,239.5,20.7,8.0
2025-05-29,106.6500015258789,-6.3000030517578125,106.80367,-6.35693,0.6937999725341797,34.1,26.0,29.5,39.3,26.0,33.9,24.1,73.8,2.2,37.5,15.8,17.6,31.5,,43.4,12.3,231.0,20.0,9.0
2025-05-29,106.6500015258789,-6.3000030517578125,106.90919,-6.28889,0.6937999725341797,34.1,26.0,29.4,39.1,26.0,33.8,24.3,75.1,4.4,41.67,13.3,18.0,59.3,,45.8,11.5,239.5,20.7,8.0
2025-05-29,106.6500015258789,-6.3000030517578125,106.7525,-6.20737,0.6937999725341797,34.1,26.0,29.4,39.8,26.0,33.9,24.2,74.7,2.2,37.5,15.8,17.6,23.3,,43.0,12.5,231.0,20.0,9.0
2025-05-29,106.69999694824219,-6.3000030517578125,106.8279877,-6.1811056,0.7152000069618225,34.1,26.0,29.5,39.4,26.0,33.9,24.1,74.0,2.2,37.5,15.8,17.6,29.5,,43.4,12.4,231.0,20.0,9.0
2025-05-29,106.69999694824219,-6.3000030517578125,106.79319751533286,-6.236658728205383,0.7152000069618225,34.1,26.0,29.5,39.4,26.0,33.9,24.1,73.9,2.2,37.5,15.8,17.6,30.0,,43.4,12.4,231.0,20.0,9.0
2025-05-29,106.69999694824219,-6.3000030517578125,106.803,-6.2155,0.7152000069618225,34.1,26.0,29.5,39.4,26.0,33.9,24.1,74.0,2.2,37.5,15.8,17.6,29.8,,43.4,12.4,231.0,20.0,9.0
2025-05-29,106.69999694824219,-6.3000030517578125,106.8235,-6.19466,0.7152000069618225,34.1,26.0,29.5,39.4,26.0,33.9,24.1,73.9,2.2,37.5,15.8,17.6,30.3,,43.4,12.3,231.0,20.0,9.0
2025-05-29,106.69999694824219,-6.3000030517578125,106.910887,-6.1535777,0.7152000069618225,34.1,26.0,29.4,39.3,26.0,33.8,24.3,75.4,4.4,41.67,13.3,18.0,55.9,,45.6,11.6,239.5,20.7,8.0
2025-05-29,106.69999694824219,-6.3000030517578125,106.80367,-6.35693,0.7152000069618225,34.1,26.0,29.5,39.3,26.0,33.9,24.1,73.8,2.2,37.5,15.8,17.6,31.5,,43.4,12.3,231.0,20.0,9.0
2025-05-29,106.69999694824219,-6.3000030517578125,106.90919,-6.28889,0.7152000069618225,34.1,26.0,29.4,39.1,26.0,33.8,24.3,75.1,4.4,41.67,13.3,18.0,59.3,,45.8,11.5,239.5,20.7,8.0
2025-05-29,106.69999694824219,-6.3000030517578125,106.7525,-6.20737,0.7152000069618225,34.1,26.0,29.4,39.8,26.0,33.9,24.2,74.7,2.2,37.5,15.8,17.6,23.3,,43.0,12.5,231.0,20.0,9.0
2025-05-29,106.75,-6.3000030517578125,106.8279877,-6.1811056,0.5015999674797058,34.1,26.0,29.5,39.4,26.0,33.9,24.1,74.0,2.2,37.5,15.8,17.6,29.5,,43.4,12.4,231.0,20.0,9.0
2025-05-29,106.75,-6.3000030517578125,106.79319751533286,-6.236658728205383,0.5015999674797058,34.1,26.0,29.5,39.4,26.0,33.9,24.1,73.9,2.2,37.5,15.8,17.6,30.0,,43.4,12.4,231.0,20.0,9.0
2025-05-29,106.75,-6.3000030517578125,106.803,-6.2155,0.5015999674797058,34.1,26.0,29.5,39.4,26.0,33.9,24.1,74.0,2.2,37.5,15.8,17.6,29.8,,43.4,12.4,231.0,20.0,9.0
2025-05-29,106.75,-6.3000030517578125,106.8235,-6.19466,0.5015999674797058,34.1,26.0,29.5,39.4,26.0,33.9,24.1,73.9,2.2,37.5,15.8,17.6,30.3,,43.4,12.3,231.0,20.0,9.0
2025-05-29,106.75,-6.3000030517578125,106.910887,-6.1535777,0.5015999674797058,34.1,26.0,29.4,39.3,26.0,33.8,24.3,75.4,4.4,41.67,13.3,18.0,55.9,,45.6,11.6,239.5,20.7,8.0
2025-05-29,106.75,-6.3000030517578125,106.80367,-6.35693,0.5015999674797058,34.1,26.0,29.5,39.3,26.0,33.9,24.1,73.8,2.2,37.5,15.8,17.6,31.5,,43.4,12.3,231.0,20.0,9.0
2025-05-29,106.75,-6.3000030517578125,106.90919,-6.28889,0.5015999674797058,34.1,26.0,29.4,39.1,26.0,33.8,24.3,75.1,4.4,41.67,13.3,18.0,59.3,,45.8,11.5,239.5,20.7,8.0
2025-05-29,106.75,-6.3000030517578125,106.7525,-6.20737,0.5015999674797058,34.1,26.0,29.4,39.8,26.0,33.9,24.2,74.7,2.2,37.5,15.8,17.6,23.3,,43.0,12.5,231.0,20.0,9.0
2025-05-29,106.80000305175781,-6.3000030517578125,106.8279877,-6.1811056,0.9315999746322632,34.1,26.0,29.5,39.4,26.0,33.9,24.1,74.0,2.2,37.5,15.8,17.6,29.5,,43.4,12.4,231.0,20.0,9.0
2025-05-29,106.80000305175781,-6.3000030517578125,106.79319751533286,-6.236658728205383,0.9315999746322632,34.1,26.0,29.5,39.4,26.0,33.9,24.1,73.9,2.2,37.5,15.8,17.6,30.0,,43.4,12.4,231.0,20.0,9.0
2025-05-29,106.80000305175781,-6.3000030517578125,106.803,-6.2155,0.9315999746322632,34.1,26.0,29.5,39.4,26.0,33.9,24.1,74.0,2.2,37.5,15.8,17.6,29.8,,43.4,12.4,231.0,20.0,9.0
2025-05-29,106.80000305175781,-6.3000030517578125,106.8235,-6.19466,0.9315999746322632,34.1,26.0,29.5,39.4,26.0,33.9,24.1,73.9,2.2,37.5,15.8,17.6,30.3,,43.4,12.3,231.0,20.0,9.0
2025-05-29,106.80000305175781,-6.3000030517578125,106.910887,-6.1535777,0.9315999746322632,34.1,26.0,29.4,39.3,26.0,33.8,24.3,75.4,4.4,41.67,13.3,18.0,55.9,,45.6,11.6,239.5,20.7,8.0
2025-05-29,106.80000305175781,-6.3000030517578125,106.80367,-6.35693,0.9315999746322632,34.1,26.0,29.5,39.3,26.0,33.9,24.1,73.8,2.2,37.5,15.8,17.6,31.5,,43.4,12.3,231.0,20.0,9.0
2025-05-29,106.80000305175781,-6.3000030517578125,106.90919,-6.28889,0.9315999746322632,34.1,26.0,29.4,39.1,26.0,33.8,24.3,75.1,4.4,41.67,13.3,18.0,59.3,,45.8,11.5,239.5,20.7,8.0
2025-05-29,106.80000305175781,-6.3000030517578125,106.7525,-6.20737,0.9315999746322632,34.1,26.0,29.4,39.8,26.0,33.9,24.2,74.7,2.2,37.5,15.8,17.6,23.3,,43.0,12.5,231.0,20.0,9.0
2025-05-29,106.8499984741211,-6.3000030517578125,106.8279877,-6.1811056,0.913599967956543,34.1,26.0,29.5,39.4,26.0,33.9,24.1,74.0,2.2,37.5,15.8,17.6,29.5,,43.4,12.4,231.0,20.0,9.0
2025-05-29,106.8499984741211,-6.3000030517578125,106.79319751533286,-6.236658728205383,0.913599967956543,34.1,26.0,29.5,39.4,26.0,33.9,24.1,73.9,2.2,37.5,15.8,17.6,30.0,,43.4,12.4,231.0,20.0,9.0
2025-05-29,106.8499984741211,-6.3000030517578125,106.803,-6.2155,0.913599967956543,34.1,26.0,29.5,39.4,26.0,33.9,24.1,74.0,2.2,37.5,15.8,17.6,29.8,,43.4,12.4,231.0,20.0,9.0
2025-05-29,106.8499984741211,-6.3000030517578125,106.8235,-6.19466,0.913599967956543,34.1,26.0,29.5,39.4,26.0,33.9,24.1,73.9,2.2,37.5,15.8,17.6,30.3,,43.4,12.3,231.0,20.0,9.0
2025-05-29,106.8499984741211,-6.3000030517578125,106.910887,-6.1535777,0.913599967956543,34.1,26.0,29.4,39.3,26.0,33.8,24.3,75.4,4.4,41.67,13.3,18.0,55.9,,45.6,11.6,239.5,20.7,8.0
2025-05-29,106.8499984741211,-6.3000030517578125,106.80367,-6.35693,0.913599967956543,34.1,26.0,29.5,39.3,26.0,33.9,24.1,73.8,2.2,37.5,15.8,17.6,31.5,,43.4,12.3,231.0,20.0,9.0
2025-05-29,106.8499984741211,-6.3000030517578125,106.90919,-6.28889,0.913599967956543,34.1,26.0,29.4,39.1,26.0,33.8,24.3,75.1,4.4,41.67,13.3,18.0,59.3,,45.8,11.5,239.5,20.7,8.0
2025-05-29,106.8499984741211,-6.3000030517578125,106.7525,-6.20737,0.913599967956543,34.1,26.0,29.4,39.8,26.0,33.9,24.2,74.7,2.2,37.5,15.8,17.6,23.3,,43.0,12.5,231.0,20.0,9.0
2025-05-29,106.9000015258789,-6.3000030517578125,106.8279877,-6.1811056,0.6649999618530273,34.1,26.0,29.5,39.4,26.0,33.9,24.1,74.0,2.2,37.5,15.8,17.6,29.5,,43.4,12.4,231.0,20.0,9.0
2025-05-29,106.9000015258789,-6.3000030517578125,106.79319751533286,-6.236658728205383,0.6649999618530273,34.1,26.0,29.5,39.4,26.0,33.9,24.1,73.9,2.2,37.5,15.8,17.6,30.0,,43.4,12.4,231.0,20.0,9.0
2025-05-29,106.9000015258789,-6.3000030517578125,106.803,-6.2155,0.6649999618530273,34.1,26.0,29.5,39.4,26.0,33.9,24.1,74.0,2.2,37.5,15.8,17.6,29.8,,43.4,12.4,231.0,20.0,9.0
2025-05-29,106.9000015258789,-6.3000030517578125,106.8235,-6.19466,0.6649999618530273,34.1,26.0,29.5,39.4,26.0,33.9,24.1,73.9,2.2,37.5,15.8,17.6,30.3,,43.4,12.3,231.0,20.0,9.0
2025-05-29,106.9000015258789,-6.3000030517578125,106.910887,-6.1535777,0.6649999618530273,34.1,26.0,29.4,39.3,26.0,33.8,24.3,75.4,4.4,41.67,13.3,18.0,55.9,,45.6,11.6,239.5,20.7,8.0
2025-05-29,106.9000015258789,-6.3000030517578125,106.80367,-6.35693,0.6649999618530273,34.1,26.0,29.5,39.3,26.0,33.9,24.1,73.8,2.2,37.5,15.8,17.6,31.5,,43.4,12.3,231.0,20.0,9.0
2025-05-29,106.9000015258789,-6.3000030517578125,106.90919,-6.28889,0.6649999618530273,34.1,26.0,29.4,39.1,26.0,33.8,24.3,75.1,4.4,41.67,13.3,18.0,59.3,,45.8,11.5,239.5,20.7,8.0
2025-05-29,106.9000015258789,-6.3000030517578125,106.7525,-6.20737,0.6649999618530273,34.1,26.0,29.4,39.8,26.0,33.9,24.2,74.7,2.2,37.5,15.8,17.6,23.3,,43.0,12.5,231.0,20.0,9.0
2025-05-29,106.94999694824219,-6.3000030517578125,106.8279877,-6.1811056,0.7027999758720398,34.1,26.0,29.5,39.4,26.0,33.9,24.1,74.0,2.2,37.5,15.8,17.6,29.5,,43.4,12.4,231.0,20.0,9.0
2025-05-29,106.94999694824219,-6.3000030517578125,106.79319751533286,-6.236658728205383,0.7027999758720398,34.1,26.0,29.5,39.4,26.0,33.9,24.1,73.9,2.2,37.5,15.8,17.6,30.0,,43.4,12.4,231.0,20.0,9.0
2025-05-29,106.94999694824219,-6.3000030517578125,106.803,-6.2155,0.7027999758720398,34.1,26.0,29.5,39.4,26.0,33.9,24.1,74.0,2.2,37.5,15.8,17.6,29.8,,43.4,12.4,231.0,20.0,9.0
2025-05-29,106.94999694824219,-6.3000030517578125,106.8235,-6.19466,0.7027999758720398,34.1,26.0,29.5,39.4,26.0,33.9,24.1,73.9,2.2,37.5,15.8,17.6,30.3,,43.4,12.3,231.0,20.0,9.0
2025-05-29,106.94999694824219,-6.3000030517578125,106.910887,-6.1535777,0.7027999758720398,34.1,26.0,29.4,39.3,26.0,33.8,24.3,75.4,4.4,41.67,13.3,18.0,55.9,,45.6,11.6,239.5,20.7,8.0
2025-05-29,106.94999694824219,-6.3000030517578125,106.80367,-6.35693,0.7027999758720398,34.1,26.0,29.5,39.3,26.0,33.9,24.1,73.8,2.2,37.5,15.8,17.6,31.5,,43.4,12.3,231.0,20.0,9.0
2025-05-29,106.94999694824219,-6.3000030517578125,106.90919,-6.28889,0.7027999758720398,34.1,26.0,29.4,39.1,26.0,33.8,24.3,75.1,4.4,41.67,13.3,18.0,59.3,,45.8,11.5,239.5,20.7,8.0
2025-05-29,106.94999694824219,-6.3000030517578125,106.7525,-6.20737,0.7027999758720398,34.1,26.0,29.4,39.8,26.0,33.9,24.2,74.7,2.2,37.5,15.8,17.6,23.3,,43.0,12.5,231.0,20.0,9.0
2025-05-29,107.0,-6.3000030517578125,106.8279877,-6.1811056,0.44099998474121094,34.1,26.0,29.5,39.4,26.0,33.9,24.1,74.0,2.2,37.5,15.8,17.6,29.5,,43.4,12.4,231.0,20.0,9.0
2025-05-29,107.0,-6.3000030517578125,106.79319751533286,-6.236658728205383,0.44099998474121094,34.1,26.0,29.5,39.4,26.0,33.9,24.1,73.9,2.2,37.5,15.8,17.6,30.0,,43.4,12.4,231.0,20.0,9.0
2025-05-29,107.0,-6.3000030517578125,106.803,-6.2155,0.44099998474121094,34.1,26.0,29.5,39.4,26.0,33.9,24.1,74.0,2.2,37.5,15.8,17.6,29.8,,43.4,12.4,231.0,20.0,9.0
2025-05-29,107.0,-6.3000030517578125,106.8235,-6.19466,0.44099998474121094,34.1,26.0,29.5,39.4,26.0,33.9,24.1,73.9,2.2,37.5,15.8,17.6,30.3,,43.4,12.3,231.0,20.0,9.0
2025-05-29,107.0,-6.3000030517578125,106.910887,-6.1535777,0.44099998474121094,34.1,26.0,29.4,39.3,26.0,33.8,24.3,75.4,4.4,41.67,13.3,18.0,55.9,,45.6,11.6,239.5,20.7,8.0
2025-05-29,107.0,-6.3000030517578125,106.80367,-6.35693,0.44099998474121094,34.1,26.0,29.5,39.3,26.0,33.9,24.1,73.8,2.2,37.5,15.8,17.6,31.5,,43.4,12.3,231.0,20.0,9.0
2025-05-29,107.0,-6.3000030517578125,106.90919,-6.28889,0.44099998474121094,34.1,26.0,29.4,39.1,26.0,33.8,24.3,75.1,4.4,41.67,13.3,18.0,59.3,,45.8,11.5,239.5,20.7,8.0
2025-05-29,107.0,-6.3000030517578125,106.7525,-6.20737,0.44099998474121094,34.1,26.0,29.4,39.8,26.0,33.9,24.2,74.7,2.2,37.5,15.8,17.6,23.3,,43.0,12.5,231.0,20.0,9.0
2025-05-29,106.5999984741211,-6.349998474121094,106.8279877,-6.1811056,0.7211999893188477,34.1,26.0,29.5,39.4,26.0,33.9,24.1,74.0,2.2,37.5,15.8,17.6,29.5,,43.4,12.4,231.0,20.0,9.0
2025-05-29,106.5999984741211,-6.349998474121094,106.79319751533286,-6.236658728205383,0.7211999893188477,34.1,26.0,29.5,39.4,26.0,33.9,24.1,73.9,2.2,37.5,15.8,17.6,30.0,,43.4,12.4,231.0,20.0,9.0
2025-05-29,106.5999984741211,-6.349998474121094,106.803,-6.2155,0.7211999893188477,34.1,26.0,29.5,39.4,26.0,33.9,24.1,74.0,2.2,37.5,15.8,17.6,29.8,,43.4,12.4,231.0,20.0,9.0
2025-05-29,106.5999984741211,-6.349998474121094,106.8235,-6.19466,0.7211999893188477,34.1,26.0,29.5,39.4,26.0,33.9,24.1,73.9,2.2,37.5,15.8,17.6,30.3,,43.4,12.3,231.0,20.0,9.0
2025-05-29,106.5999984741211,-6.349998474121094,106.910887,-6.1535777,0.7211999893188477,34.1,26.0,29.4,39.3,26.0,33.8,24.3,75.4,4.4,41.67,13.3,18.0,55.9,,45.6,11.6,239.5,20.7,8.0
2025-05-29,106.5999984741211,-6.349998474121094,106.80367,-6.35693,0.7211999893188477,34.1,26.0,29.5,39.3,26.0,33.9,24.1,73.8,2.2,37.5,15.8,17.6,31.5,,43.4,12.3,231.0,20.0,9.0
2025-05-29,106.5999984741211,-6.349998474121094,106.90919,-6.28889,0.7211999893188477,34.1,26.0,29.4,39.1,26.0,33.8,24.3,75.1,4.4,41.67,13.3,18.0,59.3,,45.8,11.5,239.5,20.7,8.0
2025-05-29,106.5999984741211,-6.349998474121094,106.7525,-6.20737,0.7211999893188477,34.1,26.0,29.4,39.8,26.0,33.9,24.2,74.7,2.2,37.5,15.8,17.6,23.3,,43.0,12.5,231.0,20.0,9.0
2025-05-29,106.6500015258789,-6.349998474121094,106.8279877,-6.1811056,0.6381999850273132,34.1,26.0,29.5,39.4,26.0,33.9,24.1,74.0,2.2,37.5,15.8,17.6,29.5,,43.4,12.4,231.0,20.0,9.0
2025-05-29,106.6500015258789,-6.349998474121094,106.79319751533286,-6.236658728205383,0.6381999850273132,34.1,26.0,29.5,39.4,26.0,33.9,24.1,73.9,2.2,37.5,15.8,17.6,30.0,,43.4,12.4,231.0,20.0,9.0
2025-05-29,106.6500015258789,-6.349998474121094,106.803,-6.2155,0.6381999850273132,34.1,26.0,29.5,39.4,26.0,33.9,24.1,74.0,2.2,37.5,15.8,17.6,29.8,,43.4,12.4,231.0,20.0,9.0
2025-05-29,106.6500015258789,-6.349998474121094,106.8235,-6.19466,0.6381999850273132,34.1,26.0,29.5,39.4,26.0,33.9,24.1,73.9,2.2,37.5,15.8,17.6,30.3,,43.4,12.3,231.0,20.0,9.0
2025-05-29,106.6500015258789,-6.349998474121094,106.910887,-6.1535777,0.6381999850273132,34.1,26.0,29.4,39.3,26.0,33.8,24.3,75.4,4.4,41.67,13.3,18.0,55.9,,45.6,11.6,239.5,20.7,8.0
2025-05-29,106.6500015258789,-6.349998474121094,106.80367,-6.35693,0.6381999850273132,34.1,26.0,29.5,39.3,26.0,33.9,24.1,73.8,2.2,37.5,15.8,17.6,31.5,,43.4,12.3,231.0,20.0,9.0
2025-05-29,106.6500015258789,-6.349998474121094,106.90919,-6.28889,0.6381999850273132,34.1,26.0,29.4,39.1,26.0,33.8,24.3,75.1,4.4,41.67,13.3,18.0,59.3,,45.8,11.5,239.5,20.7,8.0
2025-05-29,106.6500015258789,-6.349998474121094,106.7525,-6.20737,0.6381999850273132,34.1,26.0,29.4,39.8,26.0,33.9,24.2,74.7,2.2,37.5,15.8,17.6,23.3,,43.0,12.5,231.0,20.0,9.0
2025-05-29,106.69999694824219,-6.349998474121094,106.8279877,-6.1811056,0.715999960899353,34.1,26.0,29.5,39.4,26.0,33.9,24.1,74.0,2.2,37.5,15.8,17.6,29.5,,43.4,12.4,231.0,20.0,9.0
2025-05-29,106.69999694824219,-6.349998474121094,106.79319751533286,-6.236658728205383,0.715999960899353,34.1,26.0,29.5,39.4,26.0,33.9,24.1,73.9,2.2,37.5,15.8,17.6,30.0,,43.4,12.4,231.0,20.0,9.0
2025-05-29,106.69999694824219,-6.349998474121094,106.803,-6.2155,0.715999960899353,34.1,26.0,29.5,39.4,26.0,33.9,24.1,74.0,2.2,37.5,15.8,17.6,29.8,,43.4,12.4,231.0,20.0,9.0
2025-05-29,106.69999694824219,-6.349998474121094,106.8235,-6.19466,0.715999960899353,34.1,26.0,29.5,39.4,26.0,33.9,24.1,73.9,2.2,37.5,15.8,17.6,30.3,,43.4,12.3,231.0,20.0,9.0
2025-05-29,106.69999694824219,-6.349998474121094,106.910887,-6.1535777,0.715999960899353,34.1,26.0,29.4,39.3,26.0,33.8,24.3,75.4,4.4,41.67,13.3,18.0,55.9,,45.6,11.6,239.5,20.7,8.0
2025-05-29,106.69999694824219,-6.349998474121094,106.80367,-6.35693,0.715999960899353,34.1,26.0,29.5,39.3,26.0,33.9,24.1,73.8,2.2,37.5,15.8,17.6,31.5,,43.4,12.3,231.0,20.0,9.0
2025-05-29,106.69999694824219,-6.349998474121094,106.90919,-6.28889,0.715999960899353,34.1,26.0,29.4,39.1,26.0,33.8,24.3,75.1,4.4,41.67,13.3,18.0,59.3,,45.8,11.5,239.5,20.7,8.0
2025-05-29,106.69999694824219,-6.349998474121094,106.7525,-6.20737,0.715999960899353,34.1,26.0,29.4,39.8,26.0,33.9,24.2,74.7,2.2,37.5,15.8,17.6,23.3,,43.0,12.5,231.0,20.0,9.0
2025-05-29,106.75,-6.349998474121094,106.8279877,-6.1811056,0.5392000079154968,34.1,26.0,29.5,39.4,26.0,33.9,24.1,74.0,2.2,37.5,15.8,17.6,29.5,,43.4,12.4,231.0,20.0,9.0
2025-05-29,106.75,-6.349998474121094,106.79319751533286,-6.236658728205383,0.5392000079154968,34.1,26.0,29.5,39.4,26.0,33.9,24.1,73.9,2.2,37.5,15.8,17.6,30.0,,43.4,12.4,231.0,20.0,9.0
2025-05-29,106.75,-6.349998474121094,106.803,-6.2155,0.5392000079154968,34.1,26.0,29.5,39.4,26.0,33.9,24.1,74.0,2.2,37.5,15.8,17.6,29.8,,43.4,12.4,231.0,20.0,9.0
2025-05-29,106.75,-6.349998474121094,106.8235,-6.19466,0.5392000079154968,34.1,26.0,29.5,39.4,26.0,33.9,24.1,73.9,2.2,37.5,15.8,17.6,30.3,,43.4,12.3,231.0,20.0,9.0
2025-05-29,106.75,-6.349998474121094,106.910887,-6.1535777,0.5392000079154968,34.1,26.0,29.4,39.3,26.0,33.8,24.3,75.4,4.4,41.67,13.3,18.0,55.9,,45.6,11.6,239.5,20.7,8.0
2025-05-29,106.75,-6.349998474121094,106.80367,-6.35693,0.5392000079154968,34.1,26.0,29.5,39.3,26.0,33.9,24.1,73.8,2.2,37.5,15.8,17.6,31.5,,43.4,12.3,231.0,20.0,9.0
2025-05-29,106.75,-6.349998474121094,106.90919,-6.28889,0.5392000079154968,34.1,26.0,29.4,39.1,26.0,33.8,24.3,75.1,4.4,41.67,13.3,18.0,59.3,,45.8,11.5,239.5,20.7,8.0
2025-05-29,106.75,-6.349998474121094,106.7525,-6.20737,0.5392000079154968,34.1,26.0,29.4,39.8,26.0,33.9,24.2,74.7,2.2,37.5,15.8,17.6,23.3,,43.0,12.5,231.0,20.0,9.0
2025-05-29,106.80000305175781,-6.349998474121094,106.8279877,-6.1811056,0.7188000082969666,34.1,26.0,29.5,39.4,26.0,33.9,24.1,74.0,2.2,37.5,15.8,17.6,29.5,,43.4,12.4,231.0,20.0,9.0
2025-05-29,106.80000305175781,-6.349998474121094,106.79319751533286,-6.236658728205383,0.7188000082969666,34.1,26.0,29.5,39.4,26.0,33.9,24.1,73.9,2.2,37.5,15.8,17.6,30.0,,43.4,12.4,231.0,20.0,9.0
2025-05-29,106.80000305175781,-6.349998474121094,106.803,-6.2155,0.7188000082969666,34.1,26.0,29.5,39.4,26.0,33.9,24.1,74.0,2.2,37.5,15.8,17.6,29.8,,43.4,12.4,231.0,20.0,9.0
2025-05-29,106.80000305175781,-6.349998474121094,106.8235,-6.19466,0.7188000082969666,34.1,26.0,29.5,39.4,26.0,33.9,24.1,73.9,2.2,37.5,15.8,17.6,30.3,,43.4,12.3,231.0,20.0,9.0
2025-05-29,106.80000305175781,-6.349998474121094,106.910887,-6.1535777,0.7188000082969666,34.1,26.0,29.4,39.3,26.0,33.8,24.3,75.4,4.4,41.67,13.3,18.0,55.9,,45.6,11.6,239.5,20.7,8.0
2025-05-29,106.80000305175781,-6.349998474121094,106.80367,-6.35693,0.7188000082969666,34.1,26.0,29.5,39.3,26.0,33.9,24.1,73.8,2.2,37.5,15.8,17.6,31.5,,43.4,12.3,231.0,20.0,9.0
2025-05-29,106.80000305175781,-6.349998474121094,106.90919,-6.28889,0.7188000082969666,34.1,26.0,29.4,39.1,26.0,33.8,24.3,75.1,4.4,41.67,13.3,18.0,59.3,,45.8,11.5,239.5,20.7,8.0
2025-05-29,106.80000305175781,-6.349998474121094,106.7525,-6.20737,0.7188000082969666,34.1,26.0,29.4,39.8,26.0,33.9,24.2,74.7,2.2,37.5,15.8,17.6,23.3,,43.0,12.5,231.0,20.0,9.0
2025-05-29,106.8499984741211,-6.349998474121094,106.8279877,-6.1811056,0.8393999934196472,34.1,26.0,29.5,39.4,26.0,33.9,24.1,74.0,2.2,37.5,15.8,17.6,29.5,,43.4,12.4,231.0,20.0,9.0
2025-05-29,106.8499984741211,-6.349998474121094,106.79319751533286,-6.236658728205383,0.8393999934196472,34.1,26.0,29.5,39.4,26.0,33.9,24.1,73.9,2.2,37.5,15.8,17.6,30.0,,43.4,12.4,231.0,20.0,9.0
2025-05-29,106.8499984741211,-6.349998474121094,106.803,-6.2155,0.8393999934196472,34.1,26.0,29.5,39.4,26.0,33.9,24.1,74.0,2.2,37.5,15.8,17.6,29.8,,43.4,12.4,231.0,20.0,9.0
2025-05-29,106.8499984741211,-6.349998474121094,106.8235,-6.19466,0.8393999934196472,34.1,26.0,29.5,39.4,26.0,33.9,24.1,73.9,2.2,37.5,15.8,17.6,30.3,,43.4,12.3,231.0,20.0,9.0
2025-05-29,106.8499984741211,-6.349998474121094,106.910887,-6.1535777,0.8393999934196472,34.1,26.0,29.4,39.3,26.0,33.8,24.3,75.4,4.4,41.67,13.3,18.0,55.9,,45.6,11.6,239.5,20.7,8.0
2025-05-29,106.8499984741211,-6.349998474121094,106.80367,-6.35693,0.8393999934196472,34.1,26.0,29.5,39.3,26.0,33.9,24.1,73.8,2.2,37.5,15.8,17.6,31.5,,43.4,12.3,231.0,20.0,9.0
2025-05-29,106.8499984741211,-6.349998474121094,106.90919,-6.28889,0.8393999934196472,34.1,26.0,29.4,39.1,26.0,33.8,24.3,75.1,4.4,41.67,13.3,18.0,59.3,,45.8,11.5,239.5,20.7,8.0
2025-05-29,106.8499984741211,-6.349998474121094,106.7525,-6.20737,0.8393999934196472,34.1,26.0,29.4,39.8,26.0,33.9,24.2,74.7,2.2,37.5,15.8,17.6,23.3,,43.0,12.5,231.0,20.0,9.0
2025-05-29,106.9000015258789,-6.349998474121094,106.8279877,-6.1811056,0.7283999919891357,34.1,26.0,29.5,39.4,26.0,33.9,24.1,74.0,2.2,37.5,15.8,17.6,29.5,,43.4,12.4,231.0,20.0,9.0
2025-05-29,106.9000015258789,-6.349998474121094,106.79319751533286,-6.236658728205383,0.7283999919891357,34.1,26.0,29.5,39.4,26.0,33.9,24.1,73.9,2.2,37.5,15.8,17.6,30.0,,43.4,12.4,231.0,20.0,9.0
2025-05-29,106.9000015258789,-6.349998474121094,106.803,-6.2155,0.7283999919891357,34.1,26.0,29.5,39.4,26.0,33.9,24.1,74.0,2.2,37.5,15.8,17.6,29.8,,43.4,12.4,231.0,20.0,9.0
2025-05-29,106.9000015258789,-6.349998474121094,106.8235,-6.19466,0.7283999919891357,34.1,26.0,29.5,39.4,26.0,33.9,24.1,73.9,2.2,37.5,15.8,17.6,30.3,,43.4,12.3,231.0,20.0,9.0
2025-05-29,106.9000015258789,-6.349998474121094,106.910887,-6.1535777,0.7283999919891357,34.1,26.0,29.4,39.3,26.0,33.8,24.3,75.4,4.4,41.67,13.3,18.0,55.9,,45.6,11.6,239.5,20.7,8.0
2025-05-29,106.9000015258789,-6.349998474121094,106.80367,-6.35693,0.7283999919891357,34.1,26.0,29.5,39.3,26.0,33.9,24.1,73.8,2.2,37.5,15.8,17.6,31.5,,43.4,12.3,231.0,20.0,9.0
2025-05-29,106.9000015258789,-6.349998474121094,106.90919,-6.28889,0.7283999919891357,34.1,26.0,29.4,39.1,26.0,33.8,24.3,75.1,4.4,41.67,13.3,18.0,59.3,,45.8,11.5,239.5,20.7,8.0
2025-05-29,106.9000015258789,-6.349998474121094,106.7525,-6.20737,0.7283999919891357,34.1,26.0,29.4,39.8,26.0,33.9,24.2,74.7,2.2,37.5,15.8,17.6,23.3,,43.0,12.5,231.0,20.0,9.0
2025-05-29,106.94999694824219,-6.349998474121094,106.8279877,-6.1811056,0.5497999787330627,34.1,26.0,29.5,39.4,26.0,33.9,24.1,74.0,2.2,37.5,15.8,17.6,29.5,,43.4,12.4,231.0,20.0,9.0
2025-05-29,106.94999694824219,-6.349998474121094,106.79319751533286,-6.236658728205383,0.5497999787330627,34.1,26.0,29.5,39.4,26.0,33.9,24.1,73.9,2.2,37.5,15.8,17.6,30.0,,43.4,12.4,231.0,20.0,9.0
2025-05-29,106.94999694824219,-6.349998474121094,106.803,-6.2155,0.5497999787330627,34.1,26.0,29.5,39.4,26.0,33.9,24.1,74.0,2.2,37.5,15.8,17.6,29.8,,43.4,12.4,231.0,20.0,9.0
2025-05-29,106.94999694824219,-6.349998474121094,106.8235,-6.19466,0.5497999787330627,34.1,26.0,29.5,39.4,26.0,33.9,24.1,73.9,2.2,37.5,15.8,17.6,30.3,,43.4,12.3,231.0,20.0,9.0
2025-05-29,106.94999694824219,-6.349998474121094,106.910887,-6.1535777,0.5497999787330627,34.1,26.0,29.4,39.3,26.0,33.8,24.3,75.4,4.4,41.67,13.3,18.0,55.9,,45.6,11.6,239.5,20.7,8.0
2025-05-29,106.94999694824219,-6.349998474121094,106.80367,-6.35693,0.5497999787330627,34.1,26.0,29.5,39.3,26.0,33.9,24.1,73.8,2.2,37.5,15.8,17.6,31.5,,43.4,12.3,231.0,20.0,9.0
2025-05-29,106.94999694824219,-6.349998474121094,106.90919,-6.28889,0.5497999787330627,34.1,26.0,29.4,39.1,26.0,33.8,24.3,75.1,4.4,41.67,13.3,18.0,59.3,,45.8,11.5,239.5,20.7,8.0
2025-05-29,106.94999694824219,-6.349998474121094,106.7525,-6.20737,0.5497999787330627,34.1,26.0,29.4,39.8,26.0,33.9,24.2,74.7,2.2,37.5,15.8,17.6,23.3,,43.0,12.5,231.0,20.0,9.0
2025-05-29,107.0,-6.349998474121094,106.8279877,-6.1811056,0.6953999996185303,34.1,26.0,29.5,39.4,26.0,33.9,24.1,74.0,2.2,37.5,15.8,17.6,29.5,,43.4,12.4,231.0,20.0,9.0
2025-05-29,107.0,-6.349998474121094,106.79319751533286,-6.236658728205383,0.6953999996185303,34.1,26.0,29.5,39.4,26.0,33.9,24.1,73.9,2.2,37.5,15.8,17.6,30.0,,43.4,12.4,231.0,20.0,9.0
2025-05-29,107.0,-6.349998474121094,106.803,-6.2155,0.6953999996185303,34.1,26.0,29.5,39.4,26.0,33.9,24.1,74.0,2.2,37.5,15.8,17.6,29.8,,43.4,12.4,231.0,20.0,9.0
2025-05-29,107.0,-6.349998474121094,106.8235,-6.19466,0.6953999996185303,34.1,26.0,29.5,39.4,26.0,33.9,24.1,73.9,2.2,37.5,15.8,17.6,30.3,,43.4,12.3,231.0,20.0,9.0
2025-05-29,107.0,-6.349998474121094,106.910887,-6.1535777,0.6953999996185303,34.1,26.0,29.4,39.3,26.0,33.8,24.3,75.4,4.4,41.67,13.3,18.0,55.9,,45.6,11.6,239.5,20.7,8.0
2025-05-29,107.0,-6.349998474121094,106.80367,-6.35693,0.6953999996185303,34.1,26.0,29.5,39.3,26.0,33.9,24.1,73.8,2.2,37.5,15.8,17.6,31.5,,43.4,12.3,231.0,20.0,9.0
2025-05-29,107.0,-6.349998474121094,106.90919,-6.28889,0.6953999996185303,34.1,26.0,29.4,39.1,26.0,33.8,24.3,75.1,4.4,41.67,13.3,18.0,59.3,,45.8,11.5,239.5,20.7,8.0
2025-05-29,107.0,-6.349998474121094,106.7525,-6.20737,0.6953999996185303,34.1,26.0,29.4,39.8,26.0,33.9,24.2,74.7,2.2,37.5,15.8,17.6,23.3,,43.0,12.5,231.0,20.0,9.0
2025-05-29,106.5999984741211,-6.400001525878906,106.8279877,-6.1811056,0.6940000057220459,34.1,26.0,29.5,39.4,26.0,33.9,24.1,74.0,2.2,37.5,15.8,17.6,29.5,,43.4,12.4,231.0,20.0,9.0
2025-05-29,106.5999984741211,-6.400001525878906,106.79319751533286,-6.236658728205383,0.6940000057220459,34.1,26.0,29.5,39.4,26.0,33.9,24.1,73.9,2.2,37.5,15.8,17.6,30.0,,43.4,12.4,231.0,20.0,9.0
2025-05-29,106.5999984741211,-6.400001525878906,106.803,-6.2155,0.6940000057220459,34.1,26.0,29.5,39.4,26.0,33.9,24.1,74.0,2.2,37.5,15.8,17.6,29.8,,43.4,12.4,231.0,20.0,9.0
2025-05-29,106.5999984741211,-6.400001525878906,106.8235,-6.19466,0.6940000057220459,34.1,26.0,29.5,39.4,26.0,33.9,24.1,73.9,2.2,37.5,15.8,17.6,30.3,,43.4,12.3,231.0,20.0,9.0
2025-05-29,106.5999984741211,-6.400001525878906,106.910887,-6.1535777,0.6940000057220459,34.1,26.0,29.4,39.3,26.0,33.8,24.3,75.4,4.4,41.67,13.3,18.0,55.9,,45.6,11.6,239.5,20.7,8.0
2025-05-29,106.5999984741211,-6.400001525878906,106.80367,-6.35693,0.6940000057220459,34.1,26.0,29.5,39.3,26.0,33.9,24.1,73.8,2.2,37.5,15.8,17.6,31.5,,43.4,12.3,231.0,20.0,9.0
2025-05-29,106.5999984741211,-6.400001525878906,106.90919,-6.28889,0.6940000057220459,34.1,26.0,29.4,39.1,26.0,33.8,24.3,75.1,4.4,41.67,13.3,18.0,59.3,,45.8,11.5,239.5,20.7,8.0
2025-05-29,106.5999984741211,-6.400001525878906,106.7525,-6.20737,0.6940000057220459,34.1,26.0,29.4,39.8,26.0,33.9,24.2,74.7,2.2,37.5,15.8,17.6,23.3,,43.0,12.5,231.0,20.0,9.0
2025-05-29,106.6500015258789,-6.400001525878906,106.8279877,-6.1811056,0.8511999845504761,34.1,26.0,29.5,39.4,26.0,33.9,24.1,74.0,2.2,37.5,15.8,17.6,29.5,,43.4,12.4,231.0,20.0,9.0
2025-05-29,106.6500015258789,-6.400001525878906,106.79319751533286,-6.236658728205383,0.8511999845504761,34.1,26.0,29.5,39.4,26.0,33.9,24.1,73.9,2.2,37.5,15.8,17.6,30.0,,43.4,12.4,231.0,20.0,9.0
2025-05-29,106.6500015258789,-6.400001525878906,106.803,-6.2155,0.8511999845504761,34.1,26.0,29.5,39.4,26.0,33.9,24.1,74.0,2.2,37.5,15.8,17.6,29.8,,43.4,12.4,231.0,20.0,9.0
2025-05-29,106.6500015258789,-6.400001525878906,106.8235,-6.19466,0.8511999845504761,34.1,26.0,29.5,39.4,26.0,33.9,24.1,73.9,2.2,37.5,15.8,17.6,30.3,,43.4,12.3,231.0,20.0,9.0
2025-05-29,106.6500015258789,-6.400001525878906,106.910887,-6.1535777,0.8511999845504761,34.1,26.0,29.4,39.3,26.0,33.8,24.3,75.4,4.4,41.67,13.3,18.0,55.9,,45.6,11.6,239.5,20.7,8.0
2025-05-29,106.6500015258789,-6.400001525878906,106.80367,-6.35693,0.8511999845504761,34.1,26.0,29.5,39.3,26.0,33.9,24.1,73.8,2.2,37.5,15.8,17.6,31.5,,43.4,12.3,231.0,20.0,9.0
2025-05-29,106.6500015258789,-6.400001525878906,106.90919,-6.28889,0.8511999845504761,34.1,26.0,29.4,39.1,26.0,33.8,24.3,75.1,4.4,41.67,13.3,18.0,59.3,,45.8,11.5,239.5,20.7,8.0
2025-05-29,106.6500015258789,-6.400001525878906,106.7525,-6.20737,0.8511999845504761,34.1,26.0,29.4,39.8,26.0,33.9,24.2,74.7,2.2,37.5,15.8,17.6,23.3,,43.0,12.5,231.0,20.0,9.0
2025-05-29,106.69999694824219,-6.400001525878906,106.8279877,-6.1811056,0.5546000003814697,34.1,26.0,29.5,39.4,26.0,33.9,24.1,74.0,2.2,37.5,15.8,17.6,29.5,,43.4,12.4,231.0,20.0,9.0
2025-05-29,106.69999694824219,-6.400001525878906,106.79319751533286,-6.236658728205383,0.5546000003814697,34.1,26.0,29.5,39.4,26.0,33.9,24.1,73.9,2.2,37.5,15.8,17.6,30.0,,43.4,12.4,231.0,20.0,9.0
2025-05-29,106.69999694824219,-6.400001525878906,106.803,-6.2155,0.5546000003814697,34.1,26.0,29.5,39.4,26.0,33.9,24.1,74.0,2.2,37.5,15.8,17.6,29.8,,43.4,12.4,231.0,20.0,9.0
2025-05-29,106.69999694824219,-6.400001525878906,106.8235,-6.19466,0.5546000003814697,34.1,26.0,29.5,39.4,26.0,33.9,24.1,73.9,2.2,37.5,15.8,17.6,30.3,,43.4,12.3,231.0,20.0,9.0
2025-05-29,106.69999694824219,-6.400001525878906,106.910887,-6.1535777,0.5546000003814697,34.1,26.0,29.4,39.3,26.0,33.8,24.3,75.4,4.4,41.67,13.3,18.0,55.9,,45.6,11.6,239.5,20.7,8.0
2025-05-29,106.69999694824219,-6.400001525878906,106.80367,-6.35693,0.5546000003814697,34.1,26.0,29.5,39.3,26.0,33.9,24.1,73.8,2.2,37.5,15.8,17.6,31.5,,43.4,12.3,231.0,20.0,9.0
2025-05-29,106.69999694824219,-6.400001525878906,106.90919,-6.28889,0.5546000003814697,34.1,26.0,29.4,39.1,26.0,33.8,24.3,75.1,4.4,41.67,13.3,18.0,59.3,,45.8,11.5,239.5,20.7,8.0
2025-05-29,106.69999694824219,-6.400001525878906,106.7525,-6.20737,0.5546000003814697,34.1,26.0,29.4,39.8,26.0,33.9,24.2,74.7,2.2,37.5,15.8,17.6,23.3,,43.0,12.5,231.0,20.0,9.0
2025-05-29,106.75,-6.400001525878906,106.8279877,-6.1811056,0.7301999926567078,34.1,26.0,29.5,39.4,26.0,33.9,24.1,74.0,2.2,37.5,15.8,17.6,29.5,,43.4,12.4,231.0,20.0,9.0
2025-05-29,106.75,-6.400001525878906,106.79319751533286,-6.236658728205383,0.7301999926567078,34.1,26.0,29.5,39.4,26.0,33.9,24.1,73.9,2.2,37.5,15.8,17.6,30.0,,43.4,12.4,231.0,20.0,9.0
2025-05-29,106.75,-6.400001525878906,106.803,-6.2155,0.7301999926567078,34.1,26.0,29.5,39.4,26.0,33.9,24.1,74.0,2.2,37.5,15.8,17.6,29.8,,43.4,12.4,231.0,20.0,9.0
2025-05-29,106.75,-6.400001525878906,106.8235,-6.19466,0.7301999926567078,34.1,26.0,29.5,39.4,26.0,33.9,24.1,73.9,2.2,37.5,15.8,17.6,30.3,,43.4,12.3,231.0,20.0,9.0
2025-05-29,106.75,-6.400001525878906,106.910887,-6.1535777,0.7301999926567078,34.1,26.0,29.4,39.3,26.0,33.8,24.3,75.4,4.4,41.67,13.3,18.0,55.9,,45.6,11.6,239.5,20.7,8.0
2025-05-29,106.75,-6.400001525878906,106.80367,-6.35693,0.7301999926567078,34.1,26.0,29.5,39.3,26.0,33.9,24.1,73.8,2.2,37.5,15.8,17.6,31.5,,43.4,12.3,231.0,20.0,9.0
2025-05-29,106.75,-6.400001525878906,106.90919,-6.28889,0.7301999926567078,34.1,26.0,29.4,39.1,26.0,33.8,24.3,75.1,4.4,41.67,13.3,18.0,59.3,,45.8,11.5,239.5,20.7,8.0
2025-05-29,106.75,-6.400001525878906,106.7525,-6.20737,0.7301999926567078,34.1,26.0,29.4,39.8,26.0,33.9,24.2,74.7,2.2,37.5,15.8,17.6,23.3,,43.0,12.5,231.0,20.0,9.0
2025-05-29,106.80000305175781,-6.400001525878906,106.8279877,-6.1811056,0.5763999819755554,34.1,26.0,29.5,39.4,26.0,33.9,24.1,74.0,2.2,37.5,15.8,17.6,29.5,,43.4,12.4,231.0,20.0,9.0
2025-05-29,106.80000305175781,-6.400001525878906,106.79319751533286,-6.236658728205383,0.5763999819755554,34.1,26.0,29.5,39.4,26.0,33.9,24.1,73.9,2.2,37.5,15.8,17.6,30.0,,43.4,12.4,231.0,20.0,9.0
2025-05-29,106.80000305175781,-6.400001525878906,106.803,-6.2155,0.5763999819755554,34.1,26.0,29.5,39.4,26.0,33.9,24.1,74.0,2.2,37.5,15.8,17.6,29.8,,43.4,12.4,231.0,20.0,9.0
2025-05-29,106.80000305175781,-6.400001525878906,106.8235,-6.19466,0.5763999819755554,34.1,26.0,29.5,39.4,26.0,33.9,24.1,73.9,2.2,37.5,15.8,17.6,30.3,,43.4,12.3,231.0,20.0,9.0
2025-05-29,106.80000305175781,-6.400001525878906,106.910887,-6.1535777,0.5763999819755554,34.1,26.0,29.4,39.3,26.0,33.8,24.3,75.4,4.4,41.67,13.3,18.0,55.9,,45.6,11.6,239.5,20.7,8.0
2025-05-29,106.80000305175781,-6.400001525878906,106.80367,-6.35693,0.5763999819755554,34.1,26.0,29.5,39.3,26.0,33.9,24.1,73.8,2.2,37.5,15.8,17.6,31.5,,43.4,12.3,231.0,20.0,9.0
2025-05-29,106.80000305175781,-6.400001525878906,106.90919,-6.28889,0.5763999819755554,34.1,26.0,29.4,39.1,26.0,33.8,24.3,75.1,4.4,41.67,13.3,18.0,59.3,,45.8,11.5,239.5,20.7,8.0
2025-05-29,106.80000305175781,-6.400001525878906,106.7525,-6.20737,0.5763999819755554,34.1,26.0,29.4,39.8,26.0,33.9,24.2,74.7,2.2,37.5,15.8,17.6,23.3,,43.0,12.5,231.0,20.0,9.0
2025-05-29,106.8499984741211,-6.400001525878906,106.8279877,-6.1811056,1.0393999814987183,34.1,26.0,29.5,39.4,26.0,33.9,24.1,74.0,2.2,37.5,15.8,17.6,29.5,,43.4,12.4,231.0,20.0,9.0
2025-05-29,106.8499984741211,-6.400001525878906,106.79319751533286,-6.236658728205383,1.0393999814987183,34.1,26.0,29.5,39.4,26.0,33.9,24.1,73.9,2.2,37.5,15.8,17.6,30.0,,43.4,12.4,231.0,20.0,9.0
2025-05-29,106.8499984741211,-6.400001525878906,106.803,-6.2155,1.0393999814987183,34.1,26.0,29.5,39.4,26.0,33.9,24.1,74.0,2.2,37.5,15.8,17.6,29.8,,43.4,12.4,231.0,20.0,9.0
2025-05-29,106.8499984741211,-6.400001525878906,106.8235,-6.19466,1.0393999814987183,34.1,26.0,29.5,39.4,26.0,33.9,24.1,73.9,2.2,37.5,15.8,17.6,30.3,,43.4,12.3,231.0,20.0,9.0
2025-05-29,106.8499984741211,-6.400001525878906,106.910887,-6.1535777,1.0393999814987183,34.1,26.0,29.4,39.3,26.0,33.8,24.3,75.4,4.4,41.67,13.3,18.0,55.9,,45.6,11.6,239.5,20.7,8.0
2025-05-29,106.8499984741211,-6.400001525878906,106.80367,-6.35693,1.0393999814987183,34.1,26.0,29.5,39.3,26.0,33.9,24.1,73.8,2.2,37.5,15.8,17.6,31.5,,43.4,12.3,231.0,20.0,9.0
2025-05-29,106.8499984741211,-6.400001525878906,106.90919,-6.28889,1.0393999814987183,34.1,26.0,29.4,39.1,26.0,33.8,24.3,75.1,4.4,41.67,13.3,18.0,59.3,,45.8,11.5,239.5,20.7,8.0
2025-05-29,106.8499984741211,-6.400001525878906,106.7525,-6.20737,1.0393999814987183,34.1,26.0,29.4,39.8,26.0,33.9,24.2,74.7,2.2,37.5,15.8,17.6,23.3,,43.0,12.5,231.0,20.0,9.0
2025-05-29,106.9000015258789,-6.400001525878906,106.8279877,-6.1811056,0.8858000040054321,34.1,26.0,29.5,39.4,26.0,33.9,24.1,74.0,2.2,37.5,15.8,17.6,29.5,,43.4,12.4,231.0,20.0,9.0
2025-05-29,106.9000015258789,-6.400001525878906,106.79319751533286,-6.236658728205383,0.8858000040054321,34.1,26.0,29.5,39.4,26.0,33.9,24.1,73.9,2.2,37.5,15.8,17.6,30.0,,43.4,12.4,231.0,20.0,9.0
2025-05-29,106.9000015258789,-6.400001525878906,106.803,-6.2155,0.8858000040054321,34.1,26.0,29.5,39.4,26.0,33.9,24.1,74.0,2.2,37.5,15.8,17.6,29.8,,43.4,12.4,231.0,20.0,9.0
2025-05-29,106.9000015258789,-6.400001525878906,106.8235,-6.19466,0.8858000040054321,34.1,26.0,29.5,39.4,26.0,33.9,24.1,73.9,2.2,37.5,15.8,17.6,30.3,,43.4,12.3,231.0,20.0,9.0
2025-05-29,106.9000015258789,-6.400001525878906,106.910887,-6.1535777,0.8858000040054321,34.1,26.0,29.4,39.3,26.0,33.8,24.3,75.4,4.4,41.67,13.3,18.0,55.9,,45.6,11.6,239.5,20.7,8.0
2025-05-29,106.9000015258789,-6.400001525878906,106.80367,-6.35693,0.8858000040054321,34.1,26.0,29.5,39.3,26.0,33.9,24.1,73.8,2.2,37.5,15.8,17.6,31.5,,43.4,12.3,231.0,20.0,9.0
2025-05-29,106.9000015258789,-6.400001525878906,106.90919,-6.28889,0.8858000040054321,34.1,26.0,29.4,39.1,26.0,33.8,24.3,75.1,4.4,41.67,13.3,18.0,59.3,,45.8,11.5,239.5,20.7,8.0
2025-05-29,106.9000015258789,-6.400001525878906,106.7525,-6.20737,0.8858000040054321,34.1,26.0,29.4,39.8,26.0,33.9,24.2,74.7,2.2,37.5,15.8,17.6,23.3,,43.0,12.5,231.0,20.0,9.0
2025-05-29,106.94999694824219,-6.400001525878906,106.8279877,-6.1811056,0.661799967288971,34.1,26.0,29.5,39.4,26.0,33.9,24.1,74.0,2.2,37.5,15.8,17.6,29.5,,43.4,12.4,231.0,20.0,9.0
2025-05-29,106.94999694824219,-6.400001525878906,106.79319751533286,-6.236658728205383,0.661799967288971,34.1,26.0,29.5,39.4,26.0,33.9,24.1,73.9,2.2,37.5,15.8,17.6,30.0,,43.4,12.4,231.0,20.0,9.0
2025-05-29,106.94999694824219,-6.400001525878906,106.803,-6.2155,0.661799967288971,34.1,26.0,29.5,39.4,26.0,33.9,24.1,74.0,2.2,37.5,15.8,17.6,29.8,,43.4,12.4,231.0,20.0,9.0
2025-05-29,106.94999694824219,-6.400001525878906,106.8235,-6.19466,0.661799967288971,34.1,26.0,29.5,39.4,26.0,33.9,24.1,73.9,2.2,37.5,15.8,17.6,30.3,,43.4,12.3,231.0,20.0,9.0
2025-05-29,106.94999694824219,-6.400001525878906,106.910887,-6.1535777,0.661799967288971,34.1,26.0,29.4,39.3,26.0,33.8,24.3,75.4,4.4,41.67,13.3,18.0,55.9,,45.6,11.6,239.5,20.7,8.0
2025-05-29,106.94999694824219,-6.400001525878906,106.80367,-6.35693,0.661799967288971,34.1,26.0,29.5,39.3,26.0,33.9,24.1,73.8,2.2,37.5,15.8,17.6,31.5,,43.4,12.3,231.0,20.0,9.0
2025-05-29,106.94999694824219,-6.400001525878906,106.90919,-6.28889,0.661799967288971,34.1,26.0,29.4,39.1,26.0,33.8,24.3,75.1,4.4,41.67,13.3,18.0,59.3,,45.8,11.5,239.5,20.7,8.0
2025-05-29,106.94999694824219,-6.400001525878906,106.7525,-6.20737,0.661799967288971,34.1,26.0,29.4,39.8,26.0,33.9,24.2,74.7,2.2,37.5,15.8,17.6,23.3,,43.0,12.5,231.0,20.0,9.0
2025-05-29,107.0,-6.400001525878906,106.8279877,-6.1811056,0.6207999587059021,34.1,26.0,29.5,39.4,26.0,33.9,24.1,74.0,2.2,37.5,15.8,17.6,29.5,,43.4,12.4,231.0,20.0,9.0
2025-05-29,107.0,-6.400001525878906,106.79319751533286,-6.236658728205383,0.6207999587059021,34.1,26.0,29.5,39.4,26.0,33.9,24.1,73.9,2.2,37.5,15.8,17.6,30.0,,43.4,12.4,231.0,20.0,9.0
2025-05-29,107.0,-6.400001525878906,106.803,-6.2155,0.6207999587059021,34.1,26.0,29.5,39.4,26.0,33.9,24.1,74.0,2.2,37.5,15.8,17.6,29.8,,43.4,12.4,231.0,20.0,9.0
2025-05-29,107.0,-6.400001525878906,106.8235,-6.19466,0.6207999587059021,34.1,26.0,29.5,39.4,26.0,33.9,24.1,73.9,2.2,37.5,15.8,17.6,30.3,,43.4,12.3,231.0,20.0,9.0
2025-05-29,107.0,-6.400001525878906,106.910887,-6.1535777,0.6207999587059021,34.1,26.0,29.4,39.3,26.0,33.8,24.3,75.4,4.4,41.67,13.3,18.0,55.9,,45.6,11.6,239.5,20.7,8.0
2025-05-29,107.0,-6.400001525878906,106.80367,-6.35693,0.6207999587059021,34.1,26.0,29.5,39.3,26.0,33.9,24.1,73.8,2.2,37.5,15.8,17.6,31.5,,43.4,12.3,231.0,20.0,9.0
2025-05-29,107.0,-6.400001525878906,106.90919,-6.28889,0.6207999587059021,34.1,26.0,29.4,39.1,26.0,33.8,24.3,75.1,4.4,41.67,13.3,18.0,59.3,,45.8,11.5,239.5,20.7,8.0
2025-05-29,107.0,-6.400001525878906,106.7525,-6.20737,0.6207999587059021,34.1,26.0,29.4,39.8,26.0,33.9,24.2,74.7,2.2,37.5,15.8,17.6,23.3,,43.0,12.5,231.0,20.0,9.0
2025-05-29,106.5999984741211,-6.450004577636719,106.8279877,-6.1811056,0.6687999963760376,34.1,26.0,29.5,39.4,26.0,33.9,24.1,74.0,2.2,37.5,15.8,17.6,29.5,,43.4,12.4,231.0,20.0,9.0
2025-05-29,106.5999984741211,-6.450004577636719,106.79319751533286,-6.236658728205383,0.6687999963760376,34.1,26.0,29.5,39.4,26.0,33.9,24.1,73.9,2.2,37.5,15.8,17.6,30.0,,43.4,12.4,231.0,20.0,9.0
2025-05-29,106.5999984741211,-6.450004577636719,106.803,-6.2155,0.6687999963760376,34.1,26.0,29.5,39.4,26.0,33.9,24.1,74.0,2.2,37.5,15.8,17.6,29.8,,43.4,12.4,231.0,20.0,9.0
2025-05-29,106.5999984741211,-6.450004577636719,106.8235,-6.19466,0.6687999963760376,34.1,26.0,29.5,39.4,26.0,33.9,24.1,73.9,2.2,37.5,15.8,17.6,30.3,,43.4,12.3,231.0,20.0,9.0
2025-05-29,106.5999984741211,-6.450004577636719,106.910887,-6.1535777,0.6687999963760376,34.1,26.0,29.4,39.3,26.0,33.8,24.3,75.4,4.4,41.67,13.3,18.0,55.9,,45.6,11.6,239.5,20.7,8.0
2025-05-29,106.5999984741211,-6.450004577636719,106.80367,-6.35693,0.6687999963760376,34.1,26.0,29.5,39.3,26.0,33.9,24.1,73.8,2.2,37.5,15.8,17.6,31.5,,43.4,12.3,231.0,20.0,9.0
2025-05-29,106.5999984741211,-6.450004577636719,106.90919,-6.28889,0.6687999963760376,34.1,26.0,29.4,39.1,26.0,33.8,24.3,75.1,4.4,41.67,13.3,18.0,59.3,,45.8,11.5,239.5,20.7,8.0
2025-05-29,106.5999984741211,-6.450004577636719,106.7525,-6.20737,0.6687999963760376,34.1,26.0,29.4,39.8,26.0,33.9,24.2,74.7,2.2,37.5,15.8,17.6,23.3,,43.0,12.5,231.0,20.0,9.0
2025-05-29,106.6500015258789,-6.450004577636719,106.8279877,-6.1811056,0.7317999601364136,34.1,26.0,29.5,39.4,26.0,33.9,24.1,74.0,2.2,37.5,15.8,17.6,29.5,,43.4,12.4,231.0,20.0,9.0
2025-05-29,106.6500015258789,-6.450004577636719,106.79319751533286,-6.236658728205383,0.7317999601364136,34.1,26.0,29.5,39.4,26.0,33.9,24.1,73.9,2.2,37.5,15.8,17.6,30.0,,43.4,12.4,231.0,20.0,9.0
2025-05-29,106.6500015258789,-6.450004577636719,106.803,-6.2155,0.7317999601364136,34.1,26.0,29.5,39.4,26.0,33.9,24.1,74.0,2.2,37.5,15.8,17.6,29.8,,43.4,12.4,231.0,20.0,9.0
2025-05-29,106.6500015258789,-6.450004577636719,106.8235,-6.19466,0.7317999601364136,34.1,26.0,29.5,39.4,26.0,33.9,24.1,73.9,2.2,37.5,15.8,17.6,30.3,,43.4,12.3,231.0,20.0,9.0
2025-05-29,106.6500015258789,-6.450004577636719,106.910887,-6.1535777,0.7317999601364136,34.1,26.0,29.4,39.3,26.0,33.8,24.3,75.4,4.4,41.67,13.3,18.0,55.9,,45.6,11.6,239.5,20.7,8.0
2025-05-29,106.6500015258789,-6.450004577636719,106.80367,-6.35693,0.7317999601364136,34.1,26.0,29.5,39.3,26.0,33.9,24.1,73.8,2.2,37.5,15.8,17.6,31.5,,43.4,12.3,231.0,20.0,9.0
2025-05-29,106.6500015258789,-6.450004577636719,106.90919,-6.28889,0.7317999601364136,34.1,26.0,29.4,39.1,26.0,33.8,24.3,75.1,4.4,41.67,13.3,18.0,59.3,,45.8,11.5,239.5,20.7,8.0
2025-05-29,106.6500015258789,-6.450004577636719,106.7525,-6.20737,0.7317999601364136,34.1,26.0,29.4,39.8,26.0,33.9,24.2,74.7,2.2,37.5,15.8,17.6,23.3,,43.0,12.5,231.0,20.0,9.0
2025-05-29,106.69999694824219,-6.450004577636719,106.8279877,-6.1811056,0.9580000042915344,34.1,26.0,29.5,39.4,26.0,33.9,24.1,74.0,2.2,37.5,15.8,17.6,29.5,,43.4,12.4,231.0,20.0,9.0
2025-05-29,106.69999694824219,-6.450004577636719,106.79319751533286,-6.236658728205383,0.9580000042915344,34.1,26.0,29.5,39.4,26.0,33.9,24.1,73.9,2.2,37.5,15.8,17.6,30.0,,43.4,12.4,231.0,20.0,9.0
2025-05-29,106.69999694824219,-6.450004577636719,106.803,-6.2155,0.9580000042915344,34.1,26.0,29.5,39.4,26.0,33.9,24.1,74.0,2.2,37.5,15.8,17.6,29.8,,43.4,12.4,231.0,20.0,9.0
2025-05-29,106.69999694824219,-6.450004577636719,106.8235,-6.19466,0.9580000042915344,34.1,26.0,29.5,39.4,26.0,33.9,24.1,73.9,2.2,37.5,15.8,17.6,30.3,,43.4,12.3,231.0,20.0,9.0
2025-05-29,106.69999694824219,-6.450004577636719,106.910887,-6.1535777,0.9580000042915344,34.1,26.0,29.4,39.3,26.0,33.8,24.3,75.4,4.4,41.67,13.3,18.0,55.9,,45.6,11.6,239.5,20.7,8.0
2025-05-29,106.69999694824219,-6.450004577636719,106.80367,-6.35693,0.9580000042915344,34.1,26.0,29.5,39.3,26.0,33.9,24.1,73.8,2.2,37.5,15.8,17.6,31.5,,43.4,12.3,231.0,20.0,9.0
2025-05-29,106.69999694824219,-6.450004577636719,106.90919,-6.28889,0.9580000042915344,34.1,26.0,29.4,39.1,26.0,33.8,24.3,75.1,4.4,41.67,13.3,18.0,59.3,,45.8,11.5,239.5,20.7,8.0
2025-05-29,106.69999694824219,-6.450004577636719,106.7525,-6.20737,0.9580000042915344,34.1,26.0,29.4,39.8,26.0,33.9,24.2,74.7,2.2,37.5,15.8,17.6,23.3,,43.0,12.5,231.0,20.0,9.0
2025-05-29,106.75,-6.450004577636719,106.8279877,-6.1811056,1.031599998474121,34.1,26.0,29.5,39.4,26.0,33.9,24.1,74.0,2.2,37.5,15.8,17.6,29.5,,43.4,12.4,231.0,20.0,9.0
2025-05-29,106.75,-6.450004577636719,106.79319751533286,-6.236658728205383,1.031599998474121,34.1,26.0,29.5,39.4,26.0,33.9,24.1,73.9,2.2,37.5,15.8,17.6,30.0,,43.4,12.4,231.0,20.0,9.0
2025-05-29,106.75,-6.450004577636719,106.803,-6.2155,1.031599998474121,34.1,26.0,29.5,39.4,26.0,33.9,24.1,74.0,2.2,37.5,15.8,17.6,29.8,,43.4,12.4,231.0,20.0,9.0
2025-05-29,106.75,-6.450004577636719,106.8235,-6.19466,1.031599998474121,34.1,26.0,29.5,39.4,26.0,33.9,24.1,73.9,2.2,37.5,15.8,17.6,30.3,,43.4,12.3,231.0,20.0,9.0
2025-05-29,106.75,-6.450004577636719,106.910887,-6.1535777,1.031599998474121,34.1,26.0,29.4,39.3,26.0,33.8,24.3,75.4,4.4,41.67,13.3,18.0,55.9,,45.6,11.6,239.5,20.7,8.0
2025-05-29,106.75,-6.450004577636719,106.80367,-6.35693,1.031599998474121,34.1,26.0,29.5,39.3,26.0,33.9,24.1,73.8,2.2,37.5,15.8,17.6,31.5,,43.4,12.3,231.0,20.0,9.0
2025-05-29,106.75,-6.450004577636719,106.90919,-6.28889,1.031599998474121,34.1,26.0,29.4,39.1,26.0,33.8,24.3,75.1,4.4,41.67,13.3,18.0,59.3,,45.8,11.5,239.5,20.7,8.0
2025-05-29,106.75,-6.450004577636719,106.7525,-6.20737,1.031599998474121,34.1,26.0,29.4,39.8,26.0,33.9,24.2,74.7,2.2,37.5,15.8,17.6,23.3,,43.0,12.5,231.0,20.0,9.0
2025-05-29,106.80000305175781,-6.450004577636719,106.8279877,-6.1811056,0.8025999665260315,34.1,26.0,29.5,39.4,26.0,33.9,24.1,74.0,2.2,37.5,15.8,17.6,29.5,,43.4,12.4,231.0,20.0,9.0
2025-05-29,106.80000305175781,-6.450004577636719,106.79319751533286,-6.236658728205383,0.8025999665260315,34.1,26.0,29.5,39.4,26.0,33.9,24.1,73.9,2.2,37.5,15.8,17.6,30.0,,43.4,12.4,231.0,20.0,9.0
2025-05-29,106.80000305175781,-6.450004577636719,106.803,-6.2155,0.8025999665260315,34.1,26.0,29.5,39.4,26.0,33.9,24.1,74.0,2.2,37.5,15.8,17.6,29.8,,43.4,12.4,231.0,20.0,9.0
2025-05-29,106.80000305175781,-6.450004577636719,106.8235,-6.19466,0.8025999665260315,34.1,26.0,29.5,39.4,26.0,33.9,24.1,73.9,2.2,37.5,15.8,17.6,30.3,,43.4,12.3,231.0,20.0,9.0
2025-05-29,106.80000305175781,-6.450004577636719,106.910887,-6.1535777,0.8025999665260315,34.1,26.0,29.4,39.3,26.0,33.8,24.3,75.4,4.4,41.67,13.3,18.0,55.9,,45.6,11.6,239.5,20.7,8.0
2025-05-29,106.80000305175781,-6.450004577636719,106.80367,-6.35693,0.8025999665260315,34.1,26.0,29.5,39.3,26.0,33.9,24.1,73.8,2.2,37.5,15.8,17.6,31.5,,43.4,12.3,231.0,20.0,9.0
2025-05-29,106.80000305175781,-6.450004577636719,106.90919,-6.28889,0.8025999665260315,34.1,26.0,29.4,39.1,26.0,33.8,24.3,75.1,4.4,41.67,13.3,18.0,59.3,,45.8,11.5,239.5,20.7,8.0
2025-05-29,106.80000305175781,-6.450004577636719,106.7525,-6.20737,0.8025999665260315,34.1,26.0,29.4,39.8,26.0,33.9,24.2,74.7,2.2,37.5,15.8,17.6,23.3,,43.0,12.5,231.0,20.0,9.0
2025-05-29,106.8499984741211,-6.450004577636719,106.8279877,-6.1811056,0.9093999862670898,34.1,26.0,29.5,39.4,26.0,33.9,24.1,74.0,2.2,37.5,15.8,17.6,29.5,,43.4,12.4,231.0,20.0,9.0
2025-05-29,106.8499984741211,-6.450004577636719,106.79319751533286,-6.236658728205383,0.9093999862670898,34.1,26.0,29.5,39.4,26.0,33.9,24.1,73.9,2.2,37.5,15.8,17.6,30.0,,43.4,12.4,231.0,20.0,9.0
2025-05-29,106.8499984741211,-6.450004577636719,106.803,-6.2155,0.9093999862670898,34.1,26.0,29.5,39.4,26.0,33.9,24.1,74.0,2.2,37.5,15.8,17.6,29.8,,43.4,12.4,231.0,20.0,9.0
2025-05-29,106.8499984741211,-6.450004577636719,106.8235,-6.19466,0.9093999862670898,34.1,26.0,29.5,39.4,26.0,33.9,24.1,73.9,2.2,37.5,15.8,17.6,30.3,,43.4,12.3,231.0,20.0,9.0
2025-05-29,106.8499984741211,-6.450004577636719,106.910887,-6.1535777,0.9093999862670898,34.1,26.0,29.4,39.3,26.0,33.8,24.3,75.4,4.4,41.67,13.3,18.0,55.9,,45.6,11.6,239.5,20.7,8.0
2025-05-29,106.8499984741211,-6.450004577636719,106.80367,-6.35693,0.9093999862670898,34.1,26.0,29.5,39.3,26.0,33.9,24.1,73.8,2.2,37.5,15.8,17.6,31.5,,43.4,12.3,231.0,20.0,9.0
2025-05-29,106.8499984741211,-6.450004577636719,106.90919,-6.28889,0.9093999862670898,34.1,26.0,29.4,39.1,26.0,33.8,24.3,75.1,4.4,41.67,13.3,18.0,59.3,,45.8,11.5,239.5,20.7,8.0
2025-05-29,106.8499984741211,-6.450004577636719,106.7525,-6.20737,0.9093999862670898,34.1,26.0,29.4,39.8,26.0,33.9,24.2,74.7,2.2,37.5,15.8,17.6,23.3,,43.0,12.5,231.0,20.0,9.0
2025-05-29,106.9000015258789,-6.450004577636719,106.8279877,-6.1811056,0.621999979019165,34.1,26.0,29.5,39.4,26.0,33.9,24.1,74.0,2.2,37.5,15.8,17.6,29.5,,43.4,12.4,231.0,20.0,9.0
2025-05-29,106.9000015258789,-6.450004577636719,106.79319751533286,-6.236658728205383,0.621999979019165,34.1,26.0,29.5,39.4,26.0,33.9,24.1,73.9,2.2,37.5,15.8,17.6,30.0,,43.4,12.4,231.0,20.0,9.0
2025-05-29,106.9000015258789,-6.450004577636719,106.803,-6.2155,0.621999979019165,34.1,26.0,29.5,39.4,26.0,33.9,24.1,74.0,2.2,37.5,15.8,17.6,29.8,,43.4,12.4,231.0,20.0,9.0
2025-05-29,106.9000015258789,-6.450004577636719,106.8235,-6.19466,0.621999979019165,34.1,26.0,29.5,39.4,26.0,33.9,24.1,73.9,2.2,37.5,15.8,17.6,30.3,,43.4,12.3,231.0,20.0,9.0
2025-05-29,106.9000015258789,-6.450004577636719,106.910887,-6.1535777,0.621999979019165,34.1,26.0,29.4,39.3,26.0,33.8,24.3,75.4,4.4,41.67,13.3,18.0,55.9,,45.6,11.6,239.5,20.7,8.0
2025-05-29,106.9000015258789,-6.450004577636719,106.80367,-6.35693,0.621999979019165,34.1,26.0,29.5,39.3,26.0,33.9,24.1,73.8,2.2,37.5,15.8,17.6,31.5,,43.4,12.3,231.0,20.0,9.0
2025-05-29,106.9000015258789,-6.450004577636719,106.90919,-6.28889,0.621999979019165,34.1,26.0,29.4,39.1,26.0,33.8,24.3,75.1,4.4,41.67,13.3,18.0,59.3,,45.8,11.5,239.5,20.7,8.0
2025-05-29,106.9000015258789,-6.450004577636719,106.7525,-6.20737,0.621999979019165,34.1,26.0,29.4,39.8,26.0,33.9,24.2,74.7,2.2,37.5,15.8,17.6,23.3,,43.0,12.5,231.0,20.0,9.0
2025-05-29,106.94999694824219,-6.450004577636719,106.8279877,-6.1811056,0.4617999792098999,34.1,26.0,29.5,39.4,26.0,33.9,24.1,74.0,2.2,37.5,15.8,17.6,29.5,,43.4,12.4,231.0,20.0,9.0
2025-05-29,106.94999694824219,-6.450004577636719,106.79319751533286,-6.236658728205383,0.4617999792098999,34.1,26.0,29.5,39.4,26.0,33.9,24.1,73.9,2.2,37.5,15.8,17.6,30.0,,43.4,12.4,231.0,20.0,9.0
2025-05-29,106.94999694824219,-6.450004577636719,106.803,-6.2155,0.4617999792098999,34.1,26.0,29.5,39.4,26.0,33.9,24.1,74.0,2.2,37.5,15.8,17.6,29.8,,43.4,12.4,231.0,20.0,9.0
2025-05-29,106.94999694824219,-6.450004577636719,106.8235,-6.19466,0.4617999792098999,34.1,26.0,29.5,39.4,26.0,33.9,24.1,73.9,2.2,37.5,15.8,17.6,30.3,,43.4,12.3,231.0,20.0,9.0
2025-05-29,106.94999694824219,-6.450004577636719,106.910887,-6.1535777,0.4617999792098999,34.1,26.0,29.4,39.3,26.0,33.8,24.3,75.4,4.4,41.67,13.3,18.0,55.9,,45.6,11.6,239.5,20.7,8.0
2025-05-29,106.94999694824219,-6.450004577636719,106.80367,-6.35693,0.4617999792098999,34.1,26.0,29.5,39.3,26.0,33.9,24.1,73.8,2.2,37.5,15.8,17.6,31.5,,43.4,12.3,231.0,20.0,9.0
2025-05-29,106.94999694824219,-6.450004577636719,106.90919,-6.28889,0.4617999792098999,34.1,26.0,29.4,39.1,26.0,33.8,24.3,75.1,4.4,41.67,13.3,18.0,59.3,,45.8,11.5,239.5,20.7,8.0
2025-05-29,106.94999694824219,-6.450004577636719,106.7525,-6.20737,0.4617999792098999,34.1,26.0,29.4,39.8,26.0,33.9,24.2,74.7,2.2,37.5,15.8,17.6,23.3,,43.0,12.5,231.0,20.0,9.0
2025-05-29,107.0,-6.450004577636719,106.8279877,-6.1811056,0.39800000190734863,34.1,26.0,29.5,39.4,26.0,33.9,24.1,74.0,2.2,37.5,15.8,17.6,29.5,,43.4,12.4,231.0,20.0,9.0
2025-05-29,107.0,-6.450004577636719,106.79319751533286,-6.236658728205383,0.39800000190734863,34.1,26.0,29.5,39.4,26.0,33.9,24.1,73.9,2.2,37.5,15.8,17.6,30.0,,43.4,12.4,231.0,20.0,9.0
2025-05-29,107.0,-6.450004577636719,106.803,-6.2155,0.39800000190734863,34.1,26.0,29.5,39.4,26.0,33.9,24.1,74.0,2.2,37.5,15.8,17.6,29.8,,43.4,12.4,231.0,20.0,9.0
2025-05-29,107.0,-6.450004577636719,106.8235,-6.19466,0.39800000190734863,34.1,26.0,29.5,39.4,26.0,33.9,24.1,73.9,2.2,37.5,15.8,17.6,30.3,,43.4,12.3,231.0,20.0,9.0
2025-05-29,107.0,-6.450004577636719,106.910887,-6.1535777,0.39800000190734863,34.1,26.0,29.4,39.3,26.0,33.8,24.3,75.4,4.4,41.67,13.3,18.0,55.9,,45.6,11.6,239.5,20.7,8.0
2025-05-29,107.0,-6.450004577636719,106.80367,-6.35693,0.39800000190734863,34.1,26.0,29.5,39.3,26.0,33.9,24.1,73.8,2.2,37.5,15.8,17.6,31.5,,43.4,12.3,231.0,20.0,9.0
2025-05-29,107.0,-6.450004577636719,106.90919,-6.28889,0.39800000190734863,34.1,26.0,29.4,39.1,26.0,33.8,24.3,75.1,4.4,41.67,13.3,18.0,59.3,,45.8,11.5,239.5,20.7,8.0
2025-05-29,107.0,-6.450004577636719,106.7525,-6.20737,0.39800000190734863,34.1,26.0,29.4,39.8,26.0,33.9,24.2,74.7,2.2,37.5,15.8,17.6,23.3,,43.0,12.5,231.0,20.0,9.0
2025-05-29,106.5999984741211,-6.5,106.8279877,-6.1811056,0.397599995136261,34.1,26.0,29.5,39.4,26.0,33.9,24.1,74.0,2.2,37.5,15.8,17.6,29.5,,43.4,12.4,231.0,20.0,9.0
2025-05-29,106.5999984741211,-6.5,106.79319751533286,-6.236658728205383,0.397599995136261,34.1,26.0,29.5,39.4,26.0,33.9,24.1,73.9,2.2,37.5,15.8,17.6,30.0,,43.4,12.4,231.0,20.0,9.0
2025-05-29,106.5999984741211,-6.5,106.803,-6.2155,0.397599995136261,34.1,26.0,29.5,39.4,26.0,33.9,24.1,74.0,2.2,37.5,15.8,17.6,29.8,,43.4,12.4,231.0,20.0,9.0
2025-05-29,106.5999984741211,-6.5,106.8235,-6.19466,0.397599995136261,34.1,26.0,29.5,39.4,26.0,33.9,24.1,73.9,2.2,37.5,15.8,17.6,30.3,,43.4,12.3,231.0,20.0,9.0
2025-05-29,106.5999984741211,-6.5,106.910887,-6.1535777,0.397599995136261,34.1,26.0,29.4,39.3,26.0,33.8,24.3,75.4,4.4,41.67,13.3,18.0,55.9,,45.6,11.6,239.5,20.7,8.0
2025-05-29,106.5999984741211,-6.5,106.80367,-6.35693,0.397599995136261,34.1,26.0,29.5,39.3,26.0,33.9,24.1,73.8,2.2,37.5,15.8,17.6,31.5,,43.4,12.3,231.0,20.0,9.0
2025-05-29,106.5999984741211,-6.5,106.90919,-6.28889,0.397599995136261,34.1,26.0,29.4,39.1,26.0,33.8,24.3,75.1,4.4,41.67,13.3,18.0,59.3,,45.8,11.5,239.5,20.7,8.0
2025-05-29,106.5999984741211,-6.5,106.7525,-6.20737,0.397599995136261,34.1,26.0,29.4,39.8,26.0,33.9,24.2,74.7,2.2,37.5,15.8,17.6,23.3,,43.0,12.5,231.0,20.0,9.0
2025-05-29,106.6500015258789,-6.5,106.8279877,-6.1811056,0.6207999587059021,34.1,26.0,29.5,39.4,26.0,33.9,24.1,74.0,2.2,37.5,15.8,17.6,29.5,,43.4,12.4,231.0,20.0,9.0
2025-05-29,106.6500015258789,-6.5,106.79319751533286,-6.236658728205383,0.6207999587059021,34.1,26.0,29.5,39.4,26.0,33.9,24.1,73.9,2.2,37.5,15.8,17.6,30.0,,43.4,12.4,231.0,20.0,9.0
2025-05-29,106.6500015258789,-6.5,106.803,-6.2155,0.6207999587059021,34.1,26.0,29.5,39.4,26.0,33.9,24.1,74.0,2.2,37.5,15.8,17.6,29.8,,43.4,12.4,231.0,20.0,9.0
2025-05-29,106.6500015258789,-6.5,106.8235,-6.19466,0.6207999587059021,34.1,26.0,29.5,39.4,26.0,33.9,24.1,73.9,2.2,37.5,15.8,17.6,30.3,,43.4,12.3,231.0,20.0,9.0
2025-05-29,106.6500015258789,-6.5,106.910887,-6.1535777,0.6207999587059021,34.1,26.0,29.4,39.3,26.0,33.8,24.3,75.4,4.4,41.67,13.3,18.0,55.9,,45.6,11.6,239.5,20.7,8.0
2025-05-29,106.6500015258789,-6.5,106.80367,-6.35693,0.6207999587059021,34.1,26.0,29.5,39.3,26.0,33.9,24.1,73.8,2.2,37.5,15.8,17.6,31.5,,43.4,12.3,231.0,20.0,9.0
2025-05-29,106.6500015258789,-6.5,106.90919,-6.28889,0.6207999587059021,34.1,26.0,29.4,39.1,26.0,33.8,24.3,75.1,4.4,41.67,13.3,18.0,59.3,,45.8,11.5,239.5,20.7,8.0
2025-05-29,106.6500015258789,-6.5,106.7525,-6.20737,0.6207999587059021,34.1,26.0,29.4,39.8,26.0,33.9,24.2,74.7,2.2,37.5,15.8,17.6,23.3,,43.0,12.5,231.0,20.0,9.0
2025-05-29,106.69999694824219,-6.5,106.8279877,-6.1811056,0.5651999711990356,34.1,26.0,29.5,39.4,26.0,33.9,24.1,74.0,2.2,37.5,15.8,17.6,29.5,,43.4,12.4,231.0,20.0,9.0
2025-05-29,106.69999694824219,-6.5,106.79319751533286,-6.236658728205383,0.5651999711990356,34.1,26.0,29.5,39.4,26.0,33.9,24.1,73.9,2.2,37.5,15.8,17.6,30.0,,43.4,12.4,231.0,20.0,9.0
2025-05-29,106.69999694824219,-6.5,106.803,-6.2155,0.5651999711990356,34.1,26.0,29.5,39.4,26.0,33.9,24.1,74.0,2.2,37.5,15.8,17.6,29.8,,43.4,12.4,231.0,20.0,9.0
2025-05-29,106.69999694824219,-6.5,106.8235,-6.19466,0.5651999711990356,34.1,26.0,29.5,39.4,26.0,33.9,24.1,73.9,2.2,37.5,15.8,17.6,30.3,,43.4,12.3,231.0,20.0,9.0
2025-05-29,106.69999694824219,-6.5,106.910887,-6.1535777,0.5651999711990356,34.1,26.0,29.4,39.3,26.0,33.8,24.3,75.4,4.4,41.67,13.3,18.0,55.9,,45.6,11.6,239.5,20.7,8.0
2025-05-29,106.69999694824219,-6.5,106.80367,-6.35693,0.5651999711990356,34.1,26.0,29.5,39.3,26.0,33.9,24.1,73.8,2.2,37.5,15.8,17.6,31.5,,43.4,12.3,231.0,20.0,9.0
2025-05-29,106.69999694824219,-6.5,106.90919,-6.28889,0.5651999711990356,34.1,26.0,29.4,39.1,26.0,33.8,24.3,75.1,4.4,41.67,13.3,18.0,59.3,,45.8,11.5,239.5,20.7,8.0
2025-05-29,106.69999694824219,-6.5,106.7525,-6.20737,0.5651999711990356,34.1,26.0,29.4,39.8,26.0,33.9,24.2,74.7,2.2,37.5,15.8,17.6,23.3,,43.0,12.5,231.0,20.0,9.0
2025-05-29,106.75,-6.5,106.8279877,-6.1811056,0.6423999667167664,34.1,26.0,29.5,39.4,26.0,33.9,24.1,74.0,2.2,37.5,15.8,17.6,29.5,,43.4,12.4,231.0,20.0,9.0
2025-05-29,106.75,-6.5,106.79319751533286,-6.236658728205383,0.6423999667167664,34.1,26.0,29.5,39.4,26.0,33.9,24.1,73.9,2.2,37.5,15.8,17.6,30.0,,43.4,12.4,231.0,20.0,9.0
2025-05-29,106.75,-6.5,106.803,-6.2155,0.6423999667167664,34.1,26.0,29.5,39.4,26.0,33.9,24.1,74.0,2.2,37.5,15.8,17.6,29.8,,43.4,12.4,231.0,20.0,9.0
2025-05-29,106.75,-6.5,106.8235,-6.19466,0.6423999667167664,34.1,26.0,29.5,39.4,26.0,33.9,24.1,73.9,2.2,37.5,15.8,17.6,30.3,,43.4,12.3,231.0,20.0,9.0
2025-05-29,106.75,-6.5,106.910887,-6.1535777,0.6423999667167664,34.1,26.0,29.4,39.3,26.0,33.8,24.3,75.4,4.4,41.67,13.3,18.0,55.9,,45.6,11.6,239.5,20.7,8.0
2025-05-29,106.75,-6.5,106.80367,-6.35693,0.6423999667167664,34.1,26.0,29.5,39.3,26.0,33.9,24.1,73.8,2.2,37.5,15.8,17.6,31.5,,43.4,12.3,231.0,20.0,9.0
2025-05-29,106.75,-6.5,106.90919,-6.28889,0.6423999667167664,34.1,26.0,29.4,39.1,26.0,33.8,24.3,75.1,4.4,41.67,13.3,18.0,59.3,,45.8,11.5,239.5,20.7,8.0
2025-05-29,106.75,-6.5,106.7525,-6.20737,0.6423999667167664,34.1,26.0,29.4,39.8,26.0,33.9,24.2,74.7,2.2,37.5,15.8,17.6,23.3,,43.0,12.5,231.0,20.0,9.0
2025-05-29,106.80000305175781,-6.5,106.8279877,-6.1811056,0.9371999502182007,34.1,26.0,29.5,39.4,26.0,33.9,24.1,74.0,2.2,37.5,15.8,17.6,29.5,,43.4,12.4,231.0,20.0,9.0
2025-05-29,106.80000305175781,-6.5,106.79319751533286,-6.236658728205383,0.9371999502182007,34.1,26.0,29.5,39.4,26.0,33.9,24.1,73.9,2.2,37.5,15.8,17.6,30.0,,43.4,12.4,231.0,20.0,9.0
2025-05-29,106.80000305175781,-6.5,106.803,-6.2155,0.9371999502182007,34.1,26.0,29.5,39.4,26.0,33.9,24.1,74.0,2.2,37.5,15.8,17.6,29.8,,43.4,12.4,231.0,20.0,9.0
2025-05-29,106.80000305175781,-6.5,106.8235,-6.19466,0.9371999502182007,34.1,26.0,29.5,39.4,26.0,33.9,24.1,73.9,2.2,37.5,15.8,17.6,30.3,,43.4,12.3,231.0,20.0,9.0
2025-05-29,106.80000305175781,-6.5,106.910887,-6.1535777,0.9371999502182007,34.1,26.0,29.4,39.3,26.0,33.8,24.3,75.4,4.4,41.67,13.3,18.0,55.9,,45.6,11.6,239.5,20.7,8.0
2025-05-29,106.80000305175781,-6.5,106.80367,-6.35693,0.9371999502182007,34.1,26.0,29.5,39.3,26.0,33.9,24.1,73.8,2.2,37.5,15.8,17.6,31.5,,43.4,12.3,231.0,20.0,9.0
2025-05-29,106.80000305175781,-6.5,106.90919,-6.28889,0.9371999502182007,34.1,26.0,29.4,39.1,26.0,33.8,24.3,75.1,4.4,41.67,13.3,18.0,59.3,,45.8,11.5,239.5,20.7,8.0
2025-05-29,106.80000305175781,-6.5,106.7525,-6.20737,0.9371999502182007,34.1,26.0,29.4,39.8,26.0,33.9,24.2,74.7,2.2,37.5,15.8,17.6,23.3,,43.0,12.5,231.0,20.0,9.0
2025-05-29,106.8499984741211,-6.5,106.8279877,-6.1811056,0.7543999552726746,34.1,26.0,29.5,39.4,26.0,33.9,24.1,74.0,2.2,37.5,15.8,17.6,29.5,,43.4,12.4,231.0,20.0,9.0
2025-05-29,106.8499984741211,-6.5,106.79319751533286,-6.236658728205383,0.7543999552726746,34.1,26.0,29.5,39.4,26.0,33.9,24.1,73.9,2.2,37.5,15.8,17.6,30.0,,43.4,12.4,231.0,20.0,9.0
2025-05-29,106.8499984741211,-6.5,106.803,-6.2155,0.7543999552726746,34.1,26.0,29.5,39.4,26.0,33.9,24.1,74.0,2.2,37.5,15.8,17.6,29.8,,43.4,12.4,231.0,20.0,9.0
2025-05-29,106.8499984741211,-6.5,106.8235,-6.19466,0.7543999552726746,34.1,26.0,29.5,39.4,26.0,33.9,24.1,73.9,2.2,37.5,15.8,17.6,30.3,,43.4,12.3,231.0,20.0,9.0
2025-05-29,106.8499984741211,-6.5,106.910887,-6.1535777,0.7543999552726746,34.1,26.0,29.4,39.3,26.0,33.8,24.3,75.4,4.4,41.67,13.3,18.0,55.9,,45.6,11.6,239.5,20.7,8.0
2025-05-29,106.8499984741211,-6.5,106.80367,-6.35693,0.7543999552726746,34.1,26.0,29.5,39.3,26.0,33.9,24.1,73.8,2.2,37.5,15.8,17.6,31.5,,43.4,12.3,231.0,20.0,9.0
2025-05-29,106.8499984741211,-6.5,106.90919,-6.28889,0.7543999552726746,34.1,26.0,29.4,39.1,26.0,33.8,24.3,75.1,4.4,41.67,13.3,18.0,59.3,,45.8,11.5,239.5,20.7,8.0
2025-05-29,106.8499984741211,-6.5,106.7525,-6.20737,0.7543999552726746,34.1,26.0,29.4,39.8,26.0,33.9,24.2,74.7,2.2,37.5,15.8,17.6,23.3,,43.0,12.5,231.0,20.0,9.0
2025-05-29,106.9000015258789,-6.5,106.8279877,-6.1811056,0.7217999696731567,34.1,26.0,29.5,39.4,26.0,33.9,24.1,74.0,2.2,37.5,15.8,17.6,29.5,,43.4,12.4,231.0,20.0,9.0
2025-05-29,106.9000015258789,-6.5,106.79319751533286,-6.236658728205383,0.7217999696731567,34.1,26.0,29.5,39.4,26.0,33.9,24.1,73.9,2.2,37.5,15.8,17.6,30.0,,43.4,12.4,231.0,20.0,9.0
2025-05-29,106.9000015258789,-6.5,106.803,-6.2155,0.7217999696731567,34.1,26.0,29.5,39.4,26.0,33.9,24.1,74.0,2.2,37.5,15.8,17.6,29.8,,43.4,12.4,231.0,20.0,9.0
2025-05-29,106.9000015258789,-6.5,106.8235,-6.19466,0.7217999696731567,34.1,26.0,29.5,39.4,26.0,33.9,24.1,73.9,2.2,37.5,15.8,17.6,30.3,,43.4,12.3,231.0,20.0,9.0
2025-05-29,106.9000015258789,-6.5,106.910887,-6.1535777,0.7217999696731567,34.1,26.0,29.4,39.3,26.0,33.8,24.3,75.4,4.4,41.67,13.3,18.0,55.9,,45.6,11.6,239.5,20.7,8.0
2025-05-29,106.9000015258789,-6.5,106.80367,-6.35693,0.7217999696731567,34.1,26.0,29.5,39.3,26.0,33.9,24.1,73.8,2.2,37.5,15.8,17.6,31.5,,43.4,12.3,231.0,20.0,9.0
2025-05-29,106.9000015258789,-6.5,106.90919,-6.28889,0.7217999696731567,34.1,26.0,29.4,39.1,26.0,33.8,24.3,75.1,4.4,41.67,13.3,18.0,59.3,,45.8,11.5,239.5,20.7,8.0
2025-05-29,106.9000015258789,-6.5,106.7525,-6.20737,0.7217999696731567,34.1,26.0,29.4,39.8,26.0,33.9,24.2,74.7,2.2,37.5,15.8,17.6,23.3,,43.0,12.5,231.0,20.0,9.0
2025-05-29,106.94999694824219,-6.5,106.8279877,-6.1811056,0.0,34.1,26.0,29.5,39.4,26.0,33.9,24.1,74.0,2.2,37.5,15.8,17.6,29.5,,43.4,12.4,231.0,20.0,9.0
2025-05-29,106.94999694824219,-6.5,106.79319751533286,-6.236658728205383,0.0,34.1,26.0,29.5,39.4,26.0,33.9,24.1,73.9,2.2,37.5,15.8,17.6,30.0,,43.4,12.4,231.0,20.0,9.0
2025-05-29,106.94999694824219,-6.5,106.803,-6.2155,0.0,34.1,26.0,29.5,39.4,26.0,33.9,24.1,74.0,2.2,37.5,15.8,17.6,29.8,,43.4,12.4,231.0,20.0,9.0
2025-05-29,106.94999694824219,-6.5,106.8235,-6.19466,0.0,34.1,26.0,29.5,39.4,26.0,33.9,24.1,73.9,2.2,37.5,15.8,17.6,30.3,,43.4,12.3,231.0,20.0,9.0
2025-05-29,106.94999694824219,-6.5,106.910887,-6.1535777,0.0,34.1,26.0,29.4,39.3,26.0,33.8,24.3,75.4,4.4,41.67,13.3,18.0,55.9,,45.6,11.6,239.5,20.7,8.0
2025-05-29,106.94999694824219,-6.5,106.80367,-6.35693,0.0,34.1,26.0,29.5,39.3,26.0,33.9,24.1,73.8,2.2,37.5,15.8,17.6,31.5,,43.4,12.3,231.0,20.0,9.0
2025-05-29,106.94999694824219,-6.5,106.90919,-6.28889,0.0,34.1,26.0,29.4,39.1,26.0,33.8,24.3,75.1,4.4,41.67,13.3,18.0,59.3,,45.8,11.5,239.5,20.7,8.0
2025-05-29,106.94999694824219,-6.5,106.7525,-6.20737,0.0,34.1,26.0,29.4,39.8,26.0,33.9,24.2,74.7,2.2,37.5,15.8,17.6,23.3,,43.0,12.5,231.0,20.0,9.0
2025-05-29,107.0,-6.5,106.8279877,-6.1811056,0.5414000153541565,34.1,26.0,29.5,39.4,26.0,33.9,24.1,74.0,2.2,37.5,15.8,17.6,29.5,,43.4,12.4,231.0,20.0,9.0
2025-05-29,107.0,-6.5,106.79319751533286,-6.236658728205383,0.5414000153541565,34.1,26.0,29.5,39.4,26.0,33.9,24.1,73.9,2.2,37.5,15.8,17.6,30.0,,43.4,12.4,231.0,20.0,9.0
2025-05-29,107.0,-6.5,106.803,-6.2155,0.5414000153541565,34.1,26.0,29.5,39.4,26.0,33.9,24.1,74.0,2.2,37.5,15.8,17.6,29.8,,43.4,12.4,231.0,20.0,9.0
2025-05-29,107.0,-6.5,106.8235,-6.19466,0.5414000153541565,34.1,26.0,29.5,39.4,26.0,33.9,24.1,73.9,2.2,37.5,15.8,17.6,30.3,,43.4,12.3,231.0,20.0,9.0
2025-05-29,107.0,-6.5,106.910887,-6.1535777,0.5414000153541565,34.1,26.0,29.4,39.3,26.0,33.8,24.3,75.4,4.4,41.67,13.3,18.0,55.9,,45.6,11.6,239.5,20.7,8.0
2025-05-29,107.0,-6.5,106.80367,-6.35693,0.5414000153541565,34.1,26.0,29.5,39.3,26.0,33.9,24.1,73.8,2.2,37.5,15.8,17.6,31.5,,43.4,12.3,231.0,20.0,9.0
2025-05-29,107.0,-6.5,106.90919,-6.28889,0.5414000153541565,34.1,26.0,29.4,39.1,26.0,33.8,24.3,75.1,4.4,41.67,13.3,18.0,59.3,,45.8,11.5,239.5,20.7,8.0
2025-05-29,107.0,-6.5,106.7525,-6.20737,0.5414000153541565,34.1,26.0,29.4,39.8,26.0,33.9,24.2,74.7,2.2,37.5,15.8,17.6,23.3,,43.0,12.5,231.0,20.0,9.0
